/*
Deployment script for trackItsValue

This code was generated by a tool.
Changes to this file may cause incorrect behavior and will be lost if
the code is regenerated.
*/

GO
SET ANSI_NULLS, ANSI_PADDING, ANSI_WARNINGS, ARITHABORT, CONCAT_NULL_YIELDS_NULL, QUOTED_IDENTIFIER ON;

SET NUMERIC_ROUNDABORT OFF;


GO
:setvar DatabaseName "trackItsValue"
:setvar DefaultFilePrefix "trackItsValue"
:setvar DefaultDataPath ""
:setvar DefaultLogPath ""

GO
:on error exit
GO
/*
Detect SQLCMD mode and disable script execution if SQLCMD mode is not supported.
To re-enable the script after enabling SQLCMD mode, execute the following:
SET NOEXEC OFF; 
*/
:setvar __IsSqlCmdEnabled "True"
GO
IF N'$(__IsSqlCmdEnabled)' NOT LIKE N'True'
    BEGIN
        PRINT N'SQLCMD mode must be enabled to successfully execute this script.';
        SET NOEXEC ON;
    END


GO
USE [$(DatabaseName)];


GO
/*
Post-Deployment Script Template							
--------------------------------------------------------------------------------------
 This file contains SQL statements that will be appended to the build script.		
 Use SQLCMD syntax to include a file in the post-deployment script.			
 Example:      :r .\myfile.sql								
 Use SQLCMD syntax to reference a variable in the post-deployment script.		
 Example:      :setvar TableName MyTable							
               SELECT * FROM [$(TableName)]					
--------------------------------------------------------------------------------------
*/

IF NOT EXISTS (SELECT TOP 1 Id FROM Lookups.Applications)
BEGIN
	INSERT INTO [Lookups].[Applications] ([ID], [Name], [CreatedOn], [CreatedBy], [ModifiedOn], [ModifiedBy]) VALUES (4, N'trackItsValue API', '20140126 00:48:18.647', N'James', NULL, NULL)
	INSERT INTO [Lookups].[Applications] ([ID], [Name], [CreatedOn], [CreatedBy], [ModifiedOn], [ModifiedBy]) VALUES (5, N'trackItsValue.com Website', '20140306 16:10:00.000', N'James', NULL, NULL)
	INSERT INTO [Lookups].[Applications] ([ID], [Name], [CreatedOn], [CreatedBy], [ModifiedOn], [ModifiedBy]) VALUES (6, N'freebyRunner Alerts Task', '20170608 00:30:00.000', N'James', NULL, NULL)
END
IF NOT EXISTS (SELECT TOP 1 Id FROM Lookups.ReportCategories)
BEGIN
	SET IDENTITY_INSERT [Lookups].[ReportCategories] ON
	INSERT INTO [Lookups].[ReportCategories] ([ID], [Name], [DisplayIndex], [CreatedOn], [CreatedBy], [ModifiedOn], [ModifiedBy]) VALUES (1, N'Budget Reports', 0, '20140807 12:03:00.000', N'James', NULL, NULL)
	INSERT INTO [Lookups].[ReportCategories] ([ID], [Name], [DisplayIndex], [CreatedOn], [CreatedBy], [ModifiedOn], [ModifiedBy]) VALUES (2, N'Account Reports', 1, '20140807 12:03:00.000', N'James', NULL, NULL)
	SET IDENTITY_INSERT [Lookups].[ReportCategories] OFF
END

IF NOT EXISTS (SELECT TOP 1 Id FROM Applications.Menus)
BEGIN
	INSERT INTO [Applications].[Menus] ([ApplicationID], [ID], [MenuID], [Description], [Icon], [ParentID], [DisplayIndex], [ngApp], [serverRoute], [ngRoute], [ShowSubMenu], [GroupAssociation], [CreatedOn], [CreatedBy], [ModifiedOn], [ModifiedBy]) VALUES (5, N'58677ab2-c7a8-e311-821b-00215e73190e', 1, N'Manage', N'icon-money', NULL, 1, NULL, NULL, NULL, 1, 1, '20140310 20:18:00.000', N'James', NULL, NULL)
	INSERT INTO [Applications].[Menus] ([ApplicationID], [ID], [MenuID], [Description], [Icon], [ParentID], [DisplayIndex], [ngApp], [serverRoute], [ngRoute], [ShowSubMenu], [GroupAssociation], [CreatedOn], [CreatedBy], [ModifiedOn], [ModifiedBy]) VALUES (5, N'ecaef3dc-c7a8-e311-821b-00215e73190e', 2, N'Track', N'icon-bar-chart', NULL, 2, NULL, NULL, NULL, 1, 1, '20140310 21:49:00.000', N'James', NULL, NULL)
	INSERT INTO [Applications].[Menus] ([ApplicationID], [ID], [MenuID], [Description], [Icon], [ParentID], [DisplayIndex], [ngApp], [serverRoute], [ngRoute], [ShowSubMenu], [GroupAssociation], [CreatedOn], [CreatedBy], [ModifiedOn], [ModifiedBy]) VALUES (5, N'ed243efa-c7a8-e311-821b-00215e73190e', 3, N'Settings', N'icon-user', NULL, 4, NULL, NULL, NULL, 1, 2, '20140310 21:50:00.000', N'James', NULL, NULL)
	INSERT INTO [Applications].[Menus] ([ApplicationID], [ID], [MenuID], [Description], [Icon], [ParentID], [DisplayIndex], [ngApp], [serverRoute], [ngRoute], [ShowSubMenu], [GroupAssociation], [CreatedOn], [CreatedBy], [ModifiedOn], [ModifiedBy]) VALUES (5, N'3013020f-c8a8-e311-821b-00215e73190e', 4, N'Sandbox', N'icon-beer', NULL, 5, NULL, NULL, NULL, 1, 2, '20140310 21:51:00.000', N'James', NULL, NULL)
	INSERT INTO [Applications].[Menus] ([ApplicationID], [ID], [MenuID], [Description], [Icon], [ParentID], [DisplayIndex], [ngApp], [serverRoute], [ngRoute], [ShowSubMenu], [GroupAssociation], [CreatedOn], [CreatedBy], [ModifiedOn], [ModifiedBy]) VALUES (5, N'e1fa697d-3aaa-4300-b31e-bdaac08befff', 16, N'News & Info', N'icon-info-sign', NULL, 0, NULL, NULL, NULL, 1, 4, '20140517 14:26:00.000', N'James', NULL, NULL)
	INSERT INTO [Applications].[Menus] ([ApplicationID], [ID], [MenuID], [Description], [Icon], [ParentID], [DisplayIndex], [ngApp], [serverRoute], [ngRoute], [ShowSubMenu], [GroupAssociation], [CreatedOn], [CreatedBy], [ModifiedOn], [ModifiedBy]) VALUES (5, N'c8d44eae-fbb4-e511-86ac-00215e73190e', 20, N'Verify', N'icon-check', NULL, 3, N'freebyVerify', N'Verify', N'verifyTransactionsOverview', 0, 2, '20160106 23:01:00.000', N'James', NULL, NULL)
	INSERT INTO [Applications].[Menus] ([ApplicationID], [ID], [MenuID], [Description], [Icon], [ParentID], [DisplayIndex], [ngApp], [serverRoute], [ngRoute], [ShowSubMenu], [GroupAssociation], [CreatedOn], [CreatedBy], [ModifiedOn], [ModifiedBy]) VALUES (5, N'1ff5d48a-b829-4e19-9e13-b118acd729e1', 5, N'My Budget', NULL, N'58677ab2-c7a8-e311-821b-00215e73190e', 0, N'freebyBudget', N'Budget', N'monthlyBudget', 0, 1, '20140329 11:50:00.000', N'James', NULL, NULL)
	INSERT INTO [Applications].[Menus] ([ApplicationID], [ID], [MenuID], [Description], [Icon], [ParentID], [DisplayIndex], [ngApp], [serverRoute], [ngRoute], [ShowSubMenu], [GroupAssociation], [CreatedOn], [CreatedBy], [ModifiedOn], [ModifiedBy]) VALUES (5, N'08f64d74-c9a8-e311-821b-00215e73190e', 9, N'My Reports', NULL, N'ecaef3dc-c7a8-e311-821b-00215e73190e', 0, N'freebyReport', N'Report', N'reports', 0, 1, '20140310 22:01:00.000', N'James', '20140803 12:31:00.000', N'James')
	INSERT INTO [Applications].[Menus] ([ApplicationID], [ID], [MenuID], [Description], [Icon], [ParentID], [DisplayIndex], [ngApp], [serverRoute], [ngRoute], [ShowSubMenu], [GroupAssociation], [CreatedOn], [CreatedBy], [ModifiedOn], [ModifiedBy]) VALUES (5, N'3daebe1f-f4ed-e311-821b-00215e73190e', 19, N'Help Videos', NULL, N'e1fa697d-3aaa-4300-b31e-bdaac08befff', 2, N'freebyPublicContent', N'PublicContent', N'helpVideos', 0, 4, '20140606 22:30:00.000', N'James', NULL, NULL)
	INSERT INTO [Applications].[Menus] ([ApplicationID], [ID], [MenuID], [Description], [Icon], [ParentID], [DisplayIndex], [ngApp], [serverRoute], [ngRoute], [ShowSubMenu], [GroupAssociation], [CreatedOn], [CreatedBy], [ModifiedOn], [ModifiedBy]) VALUES (5, N'5172376f-cf1a-e411-91eb-00215e73190e', 8, N'My Assets', NULL, N'58677ab2-c7a8-e311-821b-00215e73190e', 1, N'freebyBudget', N'Budget', N'featureComingSoon', 0, 2, '20140803 12:31:00.000', N'James', NULL, NULL)
	INSERT INTO [Applications].[Menus] ([ApplicationID], [ID], [MenuID], [Description], [Icon], [ParentID], [DisplayIndex], [ngApp], [serverRoute], [ngRoute], [ShowSubMenu], [GroupAssociation], [CreatedOn], [CreatedBy], [ModifiedOn], [ModifiedBy]) VALUES (5, N'620d71df-cba8-e311-821b-00215e73190e', 14, N'404', NULL, N'3013020f-c8a8-e311-821b-00215e73190e', 2, N'freebyError', N'Error', N'error404', 0, 2, '20140310 22:18:00.000', N'James', NULL, NULL)
	INSERT INTO [Applications].[Menus] ([ApplicationID], [ID], [MenuID], [Description], [Icon], [ParentID], [DisplayIndex], [ngApp], [serverRoute], [ngRoute], [ShowSubMenu], [GroupAssociation], [CreatedOn], [CreatedBy], [ModifiedOn], [ModifiedBy]) VALUES (5, N'62bc2c16-caa8-e311-821b-00215e73190e', 11, N'My Profile', NULL, N'ed243efa-c7a8-e311-821b-00215e73190e', 0, N'freebyBudget', N'Budget', N'featureComingSoon', 0, 2, '20140310 22:06:00.000', N'James', NULL, NULL)
	INSERT INTO [Applications].[Menus] ([ApplicationID], [ID], [MenuID], [Description], [Icon], [ParentID], [DisplayIndex], [ngApp], [serverRoute], [ngRoute], [ShowSubMenu], [GroupAssociation], [CreatedOn], [CreatedBy], [ModifiedOn], [ModifiedBy]) VALUES (5, N'6ca6010f-c9a8-e311-821b-00215e73190e', 7, N'My Accounts', NULL, N'58677ab2-c7a8-e311-821b-00215e73190e', 2, N'freebyAccount', N'Account', N'monthlyAccountsOverview', 0, 1, '20140310 21:58:00.000', N'James', NULL, NULL)
	INSERT INTO [Applications].[Menus] ([ApplicationID], [ID], [MenuID], [Description], [Icon], [ParentID], [DisplayIndex], [ngApp], [serverRoute], [ngRoute], [ShowSubMenu], [GroupAssociation], [CreatedOn], [CreatedBy], [ModifiedOn], [ModifiedBy]) VALUES (5, N'b28b37f5-cba8-e311-821b-00215e73190e', 15, N'500', NULL, N'3013020f-c8a8-e311-821b-00215e73190e', 3, N'freebyError', N'Error', N'error500', 0, 2, '20140310 22:19:00.000', N'James', NULL, NULL)
	INSERT INTO [Applications].[Menus] ([ApplicationID], [ID], [MenuID], [Description], [Icon], [ParentID], [DisplayIndex], [ngApp], [serverRoute], [ngRoute], [ShowSubMenu], [GroupAssociation], [CreatedOn], [CreatedBy], [ModifiedOn], [ModifiedBy]) VALUES (5, N'cbf2685f-caa8-e311-821b-00215e73190e', 13, N'Dashboard', NULL, N'3013020f-c8a8-e311-821b-00215e73190e', 1, N'freebySandboc', N'Sandbox', N'dashboard', 0, 2, '20140310 22:08:00.000', N'James', NULL, NULL)
	INSERT INTO [Applications].[Menus] ([ApplicationID], [ID], [MenuID], [Description], [Icon], [ParentID], [DisplayIndex], [ngApp], [serverRoute], [ngRoute], [ShowSubMenu], [GroupAssociation], [CreatedOn], [CreatedBy], [ModifiedOn], [ModifiedBy]) VALUES (5, N'e1fa697c-3aaa-4300-b31e-bdaac08befff', 17, N'News', NULL, N'e1fa697d-3aaa-4300-b31e-bdaac08befff', 1, N'freebyPublicContent', N'PublicContent', N'news', 0, 4, '20140517 14:29:00.000', N'James', NULL, NULL)
	INSERT INTO [Applications].[Menus] ([ApplicationID], [ID], [MenuID], [Description], [Icon], [ParentID], [DisplayIndex], [ngApp], [serverRoute], [ngRoute], [ShowSubMenu], [GroupAssociation], [CreatedOn], [CreatedBy], [ModifiedOn], [ModifiedBy]) VALUES (5, N'e1fa697e-3aaa-4300-b31e-bdaac08befff', 18, N'Welcome', NULL, N'e1fa697d-3aaa-4300-b31e-bdaac08befff', 0, N'freebyPublicContent', N'PublicContent', N'welcome', 0, 4, '20140529 22:45:00.000', N'James', NULL, NULL)
	INSERT INTO [Applications].[Menus] ([ApplicationID], [ID], [MenuID], [Description], [Icon], [ParentID], [DisplayIndex], [ngApp], [serverRoute], [ngRoute], [ShowSubMenu], [GroupAssociation], [CreatedOn], [CreatedBy], [ModifiedOn], [ModifiedBy]) VALUES (5, N'e78c3d41-caa8-e311-821b-00215e73190e', 12, N'Elements', NULL, N'3013020f-c8a8-e311-821b-00215e73190e', 0, N'freebySandbox', N'Sandbox', N'elements', 0, 2, '20140310 22:07:00.000', N'James', NULL, NULL)
END

IF NOT EXISTS (SELECT TOP 1 Id FROM Security.Groups)
BEGIN
	INSERT INTO [Security].[Groups] ([ID], [Description], [IsNewUserDefault], [CreatedOn], [CreatedBy], [ModifiedOn], [ModifiedBy]) VALUES (1, N'Free Users', 1, '20140310 21:55:00.000', N'James', NULL, NULL)
	INSERT INTO [Security].[Groups] ([ID], [Description], [IsNewUserDefault], [CreatedOn], [CreatedBy], [ModifiedOn], [ModifiedBy]) VALUES (2, N'Beta Users', 0, '20140310 21:56:00.000', N'James', NULL, NULL)
END
IF NOT EXISTS (SELECT TOP 1 Id FROM Security.Users)
BEGIN
	INSERT INTO [Security].[Users] ([ID], [UserName], [Email], [Password], [PasswordSalt], [PasswordVersion], [IsLocked], [IsEnabled], [ReenableToken], [ResetPasswordToken], [ResetPasswordTokenCreatedOn], [LastLoginDate], [LastLoginToken], [LastPasswordChangeDate], [LastLockoutDate], [FailedPasswordAttemptCount], [Notes], [GroupAssociation], [CreatedOn], [CreatedBy], [ModifiedOn], [ModifiedBy]) VALUES (N'1ad26379-d9ab-e311-821b-00215e73190e', N'David', N'davidgeby@gmail.com', N'mxljiIUsa7Ef4QogkF3fRgzpvHPA7WXhonNHYbqn922grxiG2nLFvTa5SV7dELVvR4Hi1HMkT7zIKsbmV/BKhg==', N'wMAofP5q+zMpmg4AZ5dkVQ/8zm0=', 1, 0, 1, NULL, NULL, NULL, '20141225 13:02:13.857', N'23289548-7c9d-403b-b808-1d4971914f35', '20140314 19:33:49.347', NULL, 0, NULL, 1, '20140314 19:33:49.347', N'WebEngine', '20141225 13:02:13.857', N'David')
	INSERT INTO [Security].[Users] ([ID], [UserName], [Email], [Password], [PasswordSalt], [PasswordVersion], [IsLocked], [IsEnabled], [ReenableToken], [ResetPasswordToken], [ResetPasswordTokenCreatedOn], [LastLoginDate], [LastLoginToken], [LastPasswordChangeDate], [LastLockoutDate], [FailedPasswordAttemptCount], [Notes], [GroupAssociation], [CreatedOn], [CreatedBy], [ModifiedOn], [ModifiedBy]) VALUES (N'3dc480f1-5586-e311-821b-00215e73190e', N'James', N'eby.jamesl@gmail.com', N'5m0S8xnM6esEUXKaVGK9W1ZZiKDZUUjCIjbM8wiiVHgqLwRhAFNMTE3PB/Y30EkCSwV3l7JNpsGJVcZnRRdoSg==', N'b2pXqVXmcBqily9eeUdNrwg56Tc=', 1, 0, 1, NULL, NULL, NULL, '20190204 15:10:53.043', N'7c1a34dd-0a54-45f1-a0db-386db1761021', '20170709 02:22:16.010', NULL, 0, NULL, 3, '20140126 00:49:13.120', N'James', '20190204 15:10:53.047', N'James')
	INSERT INTO [Security].[Users] ([ID], [UserName], [Email], [Password], [PasswordSalt], [PasswordVersion], [IsLocked], [IsEnabled], [ReenableToken], [ResetPasswordToken], [ResetPasswordTokenCreatedOn], [LastLoginDate], [LastLoginToken], [LastPasswordChangeDate], [LastLockoutDate], [FailedPasswordAttemptCount], [Notes], [GroupAssociation], [CreatedOn], [CreatedBy], [ModifiedOn], [ModifiedBy]) VALUES (N'4e32d084-d6af-e311-821b-00215e73190e', N'adam', N'adam@tumminaro.com', N'n8uSy+/E4QEc/GoM+GZogLmejBi/BP/z0EB0G2PQEEQSEbQ+KzqyrA50RISnULwWpi2DXk30lOnvL6GgoOIgZg==', N'T8ZAwL6NGFxB7WAKJht1OMau8ac=', 1, 0, 1, NULL, NULL, NULL, '20171129 14:23:51.690', N'54428a49-728a-4b4f-83a6-a7970e27abb7', '20170607 13:19:55.257', NULL, 0, NULL, 1, '20140319 21:22:44.300', N'WebEngine', '20171129 14:23:51.690', N'adam')
	INSERT INTO [Security].[Users] ([ID], [UserName], [Email], [Password], [PasswordSalt], [PasswordVersion], [IsLocked], [IsEnabled], [ReenableToken], [ResetPasswordToken], [ResetPasswordTokenCreatedOn], [LastLoginDate], [LastLoginToken], [LastPasswordChangeDate], [LastLockoutDate], [FailedPasswordAttemptCount], [Notes], [GroupAssociation], [CreatedOn], [CreatedBy], [ModifiedOn], [ModifiedBy]) VALUES (N'651d8e02-0953-e411-b0a0-00215e73190e', N'Mike', N'm_eby@hotmail.com', N'JuBb5K53S+gis2fqrGjcN88qy5VNHtWYucYQOi+IdYVws3k2nfOyIp3LpgDkOq7bx2z5q78e4xd6XqEjpk6N1A==', N'cxzNljUOkQ9A9pyNmfAyacBgklc=', 1, 0, 1, NULL, NULL, NULL, '20150813 22:35:20.823', N'9529d6c8-4eb5-4090-8e96-254e2af77cd9', '20141013 13:44:50.163', NULL, 0, NULL, 1, '20141013 13:44:50.163', N'WebEngine', '20150813 22:35:20.823', N'mike')
	INSERT INTO [Security].[Users] ([ID], [UserName], [Email], [Password], [PasswordSalt], [PasswordVersion], [IsLocked], [IsEnabled], [ReenableToken], [ResetPasswordToken], [ResetPasswordTokenCreatedOn], [LastLoginDate], [LastLoginToken], [LastPasswordChangeDate], [LastLockoutDate], [FailedPasswordAttemptCount], [Notes], [GroupAssociation], [CreatedOn], [CreatedBy], [ModifiedOn], [ModifiedBy]) VALUES (N'8201794f-b6a7-e311-821b-00215e73190e', N'DemoUser', N'temporafugiunt@gmail.com', N'vt0uesTonYfCd0b+4XPFWR9FFa0M6wAoSGzFXoHDhnfGe9a960sMWWwBibpaJxJ3X0Qx6Qpu+dsiGqjPQueYxw==', N'fcCx4h76quc9mTnzkhGCO1SQU0s=', 1, 0, 1, NULL, NULL, NULL, '20170519 00:57:05.297', N'7b24cde2-3150-4d8d-aa93-bfca107697a1', '20180805 01:37:16.883', NULL, 0, NULL, 1, '20140309 13:12:01.943', N'WebEngine', '20180805 01:37:16.883', N'WebEngine')
	INSERT INTO [Security].[Users] ([ID], [UserName], [Email], [Password], [PasswordSalt], [PasswordVersion], [IsLocked], [IsEnabled], [ReenableToken], [ResetPasswordToken], [ResetPasswordTokenCreatedOn], [LastLoginDate], [LastLoginToken], [LastPasswordChangeDate], [LastLockoutDate], [FailedPasswordAttemptCount], [Notes], [GroupAssociation], [CreatedOn], [CreatedBy], [ModifiedOn], [ModifiedBy]) VALUES (N'a74e2e16-8338-e411-b92d-00215e73190e', N'JMoney', N'jamespveby@gmail.com', N'RYNzYsYbLvF6vt4KbtaDVh+8xdBIrkeaBvmOHvxlDP5A1GRrqhH1bo9IMkZVhqAVmVOMAdL6ts7e3s3unTnQSA==', N'N1PuKFAiHZeBDuzw7QAlLF+uViU=', 1, 0, 1, NULL, NULL, NULL, '20170524 11:36:00.043', N'247f1227-11bd-46fe-9403-45ab87ad4a58', '20140909 19:40:41.460', NULL, 0, NULL, 1, '20140909 19:40:41.460', N'WebEngine', '20170524 11:36:00.047', N'jmoney')
	INSERT INTO [Security].[Users] ([ID], [UserName], [Email], [Password], [PasswordSalt], [PasswordVersion], [IsLocked], [IsEnabled], [ReenableToken], [ResetPasswordToken], [ResetPasswordTokenCreatedOn], [LastLoginDate], [LastLoginToken], [LastPasswordChangeDate], [LastLockoutDate], [FailedPasswordAttemptCount], [Notes], [GroupAssociation], [CreatedOn], [CreatedBy], [ModifiedOn], [ModifiedBy]) VALUES (N'bb9f3b61-f0b8-e311-821b-00215e73190e', N'eun', N'e.keum1205@gmail.com', N'vTYCstqJ5lIzu0MI3Ez+E1eZ+3o5l0Vk57LxPKjC6u3UIlz6HiAGc5UwL5m3Qe47oJQzkjRK8/iXTCQQve7QUQ==', N'6mmJaKkuG8KzKDB2EgSEazsfpqQ=', 1, 0, 1, NULL, NULL, NULL, '20170516 13:00:14.603', N'b830b613-29a4-48ec-b55b-c317058a9f4c', '20170516 12:30:17.727', NULL, 0, NULL, 1, '20140331 11:20:32.157', N'WebEngine', '20170516 13:00:14.603', N'eun')
	INSERT INTO [Security].[Users] ([ID], [UserName], [Email], [Password], [PasswordSalt], [PasswordVersion], [IsLocked], [IsEnabled], [ReenableToken], [ResetPasswordToken], [ResetPasswordTokenCreatedOn], [LastLoginDate], [LastLoginToken], [LastPasswordChangeDate], [LastLockoutDate], [FailedPasswordAttemptCount], [Notes], [GroupAssociation], [CreatedOn], [CreatedBy], [ModifiedOn], [ModifiedBy]) VALUES (N'e4965f30-513c-e711-80df-00248c445d9c', N'JQPublic', N'james@freebytech.com', N'AaBpuQTT/2C9RTR49PPPslRpNYUwfNin1LjTRl8Q5TQMuWreDVIUDdHjtPbUEEApEFvfdUasCiLn+TZj3JEe4w==', N'OC5FCVz/E9AtKE99SjnmweH5OJE=', 1, 0, 1, NULL, NULL, NULL, '20170521 00:18:54.297', N'e9900ebd-fad4-48f0-bbad-fa799f1efcc7', '20170519 00:08:26.967', NULL, 0, NULL, 1, '20170519 00:08:26.967', N'WebEngine', '20170521 00:18:54.297', N'JQPublic')
END


IF NOT EXISTS (SELECT TOP 1 Id FROM PublicContent.News)
BEGIN
	INSERT INTO [PublicContent].[News] ([ID], [Title], [Text], [OwnerID], [ItemType], [IsPublished], [PublishedOn], [CreatedOn], [CreatedBy], [ModifiedOn], [ModifiedBy]) VALUES (N'000d0d8c-b92f-e711-80df-00248c445d9c', N'We Are Back, and Updates are Coming!', N'A large infrastructure update to our data center has been performed. And the existing software has been refactored for performance and reliability. This is in anticipation of resuming monthly updates after our little software update... Um... hiatus?    : )', N'3dc480f1-5586-e311-821b-00215e73190e', 1, 1, '20170502 11:32:00.000', '20170502 11:32:00.000', N'James', NULL, NULL)
	INSERT INTO [PublicContent].[News] ([ID], [Title], [Text], [OwnerID], [ItemType], [IsPublished], [PublishedOn], [CreatedOn], [CreatedBy], [ModifiedOn], [ModifiedBy]) VALUES (N'04ff74da-fd39-e711-80df-00248c445d9c', N'User Interface Updates', N'We have updated our website UI to make it easier to edit your data, especially from tablets and mobile devices.', N'3dc480f1-5586-e311-821b-00215e73190e', 1, 1, '20170516 01:06:00.000', '20170516 01:06:00.000', N'James', NULL, NULL)
	INSERT INTO [PublicContent].[News] ([ID], [Title], [Text], [OwnerID], [ItemType], [IsPublished], [PublishedOn], [CreatedOn], [CreatedBy], [ModifiedOn], [ModifiedBy]) VALUES (N'0b8d85bd-39e8-e311-821b-00215e73190e', N'Budget Page Released!', N'The main budget page has been released for usage by the beta community. See Help Videos for more information on how to create and use your first Zero Based Budget!', N'3dc480f1-5586-e311-821b-00215e73190e', 1, 1, '20140106 20:20:43.000', '20140106 20:20:43.000', N'James', NULL, NULL)
	INSERT INTO [PublicContent].[News] ([ID], [Title], [Text], [OwnerID], [ItemType], [IsPublished], [PublishedOn], [CreatedOn], [CreatedBy], [ModifiedOn], [ModifiedBy]) VALUES (N'38249a46-6b64-e711-80e0-00248c445d9c', N'Fixed User Lock Notification', N'A bug was fixed where users were not being properly told that their account was locked due to too many failed logins and how to fix that issue.', N'3dc480f1-5586-e311-821b-00215e73190e', 2, 1, '20170709 23:55:00.000', '20170709 23:55:00.000', N'James', NULL, NULL)
	INSERT INTO [PublicContent].[News] ([ID], [Title], [Text], [OwnerID], [ItemType], [IsPublished], [PublishedOn], [CreatedOn], [CreatedBy], [ModifiedOn], [ModifiedBy]) VALUES (N'39c55f19-6b64-e711-80e0-00248c445d9c', N'Email and Site Alerts for Budget Items', N'Budget Items can now have Friendly and Warning Alerts which can be setup for different days. Currently Alerts can support sending email reminders, mobile phone text Alerts are coming soon!', N'3dc480f1-5586-e311-821b-00215e73190e', 1, 1, '20170701 23:35:00.000', '20170701 23:35:00.000', N'James', NULL, NULL)
	INSERT INTO [PublicContent].[News] ([ID], [Title], [Text], [OwnerID], [ItemType], [IsPublished], [PublishedOn], [CreatedOn], [CreatedBy], [ModifiedOn], [ModifiedBy]) VALUES (N'4c91fe44-39e8-e311-821b-00215e73190e', N'Budgets Page Rewritten', N'The main budget page has been rewritten for performance reasons and to also better support editing on mobile platforms.', N'3dc480f1-5586-e311-821b-00215e73190e', 1, 1, '20140331 21:23:41.000', '20140331 21:23:41.000', N'James', NULL, NULL)
	INSERT INTO [PublicContent].[News] ([ID], [Title], [Text], [OwnerID], [ItemType], [IsPublished], [PublishedOn], [CreatedOn], [CreatedBy], [ModifiedOn], [ModifiedBy]) VALUES (N'4e21a94e-c53a-e711-80df-00248c445d9c', N'More UI Updates', N'More updates related to maximizing screen layout for tablet and mobile devices. Our mobile app with exciting new features is coming soon!', N'3dc480f1-5586-e311-821b-00215e73190e', 1, 1, '20170517 12:54:00.000', '20170517 12:54:00.000', N'James', NULL, NULL)
	INSERT INTO [PublicContent].[News] ([ID], [Title], [Text], [OwnerID], [ItemType], [IsPublished], [PublishedOn], [CreatedOn], [CreatedBy], [ModifiedOn], [ModifiedBy]) VALUES (N'5356352e-fe5b-e411-9a8e-00215e73190e', N'Budget Change Tracking', N'The Budget Page now shows change tracking so you can better keep track of your modifications since your last save.', N'3dc480f1-5586-e311-821b-00215e73190e', 1, 1, '20141024 23:19:00.000', '20141024 23:19:00.000', N'James', NULL, NULL)
	INSERT INTO [PublicContent].[News] ([ID], [Title], [Text], [OwnerID], [ItemType], [IsPublished], [PublishedOn], [CreatedOn], [CreatedBy], [ModifiedOn], [ModifiedBy]) VALUES (N'54a043f6-37e8-e311-821b-00215e73190e', N'Item Selector Updates', N'Updated the Account''s and Budget''s category and item selectors for better usability.', N'3dc480f1-5586-e311-821b-00215e73190e', 1, 1, '20140512 22:14:01.000', '20140513 22:14:01.000', N'James', NULL, NULL)
	INSERT INTO [PublicContent].[News] ([ID], [Title], [Text], [OwnerID], [ItemType], [IsPublished], [PublishedOn], [CreatedOn], [CreatedBy], [ModifiedOn], [ModifiedBy]) VALUES (N'71aaf60c-f73e-e411-b0a0-00215e73190e', N'Budget Videos are Now Available!', N'We have finished all of the initial budget videos! Take a look at the Help Videos page.', N'3dc480f1-5586-e311-821b-00215e73190e', 1, 1, '20140918 00:15:00.000', '20140918 00:15:00.000', N'James', NULL, NULL)
	INSERT INTO [PublicContent].[News] ([ID], [Title], [Text], [OwnerID], [ItemType], [IsPublished], [PublishedOn], [CreatedOn], [CreatedBy], [ModifiedOn], [ModifiedBy]) VALUES (N'73822771-5c10-e411-91eb-00215e73190e', N'Easier Account Management', N'You can now setup reoccuring payments and charges for your accounts and apply them once a month by pressing a single button. This helps simplify account management for payments and charges which aren''t  linked to budgets but which you still want to easily manage.', N'3dc480f1-5586-e311-821b-00215e73190e', 1, 1, '20140720 05:23:00.000', '20140720 05:23:00.000', N'James', NULL, NULL)
	INSERT INTO [PublicContent].[News] ([ID], [Title], [Text], [OwnerID], [ItemType], [IsPublished], [PublishedOn], [CreatedOn], [CreatedBy], [ModifiedOn], [ModifiedBy]) VALUES (N'7e07ba81-3ce8-e311-821b-00215e73190e', N'Critical Bug Fix!', N'Fixed the budget saving bug that was introduced with the Account Linking functionality, budget changes to non-linked items will now save again.', N'3dc480f1-5586-e311-821b-00215e73190e', 2, 1, '20140512 12:27:00.000', '20140512 22:27:00.000', N'James', NULL, NULL)
	INSERT INTO [PublicContent].[News] ([ID], [Title], [Text], [OwnerID], [ItemType], [IsPublished], [PublishedOn], [CreatedOn], [CreatedBy], [ModifiedOn], [ModifiedBy]) VALUES (N'7f11de15-603c-e711-80df-00248c445d9c', N'UI and Page Load Time Updates', N'Performance and usability have been our main focus this month, and we have been able to dramatically decrease initial page load time under certain circumstances. Enjoy!', N'3dc480f1-5586-e311-821b-00215e73190e', 1, 1, '20170519 12:12:00.000', '20170519 12:12:00.000', N'James', NULL, NULL)
	INSERT INTO [PublicContent].[News] ([ID], [Title], [Text], [OwnerID], [ItemType], [IsPublished], [PublishedOn], [CreatedOn], [CreatedBy], [ModifiedOn], [ModifiedBy]) VALUES (N'84e53312-3ae8-e311-821b-00215e73190e', N'Budget Pie Charts Released', N'Now you can view handy visual pie charts to let you know how much money you have budgeted, what you have spent, and how much money you still have available given your current income.', N'3dc480f1-5586-e311-821b-00215e73190e', 1, 1, '20140119 01:15:28.000', '20140119 01:15:28.000', N'James', NULL, NULL)
	INSERT INTO [PublicContent].[News] ([ID], [Title], [Text], [OwnerID], [ItemType], [IsPublished], [PublishedOn], [CreatedOn], [CreatedBy], [ModifiedOn], [ModifiedBy]) VALUES (N'84fe9884-2a28-e411-bdbf-00215e73190e', N'Reports Engine Online', N'You can now start analyzing your data! The basic reports engine has been completed and budget reports are now available. More features to reports will be coming very soon.', N'3dc480f1-5586-e311-821b-00215e73190e', 1, 1, '20140820 23:26:00.000', '20140820 23:26:00.000', N'James', NULL, NULL)
	INSERT INTO [PublicContent].[News] ([ID], [Title], [Text], [OwnerID], [ItemType], [IsPublished], [PublishedOn], [CreatedOn], [CreatedBy], [ModifiedOn], [ModifiedBy]) VALUES (N'880772a5-38e8-e311-821b-00215e73190e', N'Credit Accounts Now Available', N'Added support for secured (i.e. mortgage) and unsecured (i.e. credit card) credit accounts.', N'3dc480f1-5586-e311-821b-00215e73190e', 1, 1, '20140424 22:06:00.000', '20140424 22:06:00.000', N'James', NULL, NULL)
	INSERT INTO [PublicContent].[News] ([ID], [Title], [Text], [OwnerID], [ItemType], [IsPublished], [PublishedOn], [CreatedOn], [CreatedBy], [ModifiedOn], [ModifiedBy]) VALUES (N'88bb9fd0-a217-e411-91eb-00215e73190e', N'Easier Current Spending Analysis', N'On the Monthly Budget Page, the two pie charts showing Planned Spending vs. Actual Spending were replaced with a grouped horizontal bar chart showing the same data in a more easily understandable format.', N'3dc480f1-5586-e311-821b-00215e73190e', 1, 1, '20140729 23:34:00.000', '20140729 23:34:00.000', N'James', NULL, NULL)
	INSERT INTO [PublicContent].[News] ([ID], [Title], [Text], [OwnerID], [ItemType], [IsPublished], [PublishedOn], [CreatedOn], [CreatedBy], [ModifiedOn], [ModifiedBy]) VALUES (N'972a1f05-3be8-e311-821b-00215e73190e', N'Welcome and News Pages Now Available', N'trackItsValue.com is now out of its infancy and is ready to be released to a larger beta community, and with that comes a greater need for communication to the user base and also a means of introducing the site to new users. Because of this, this News Page and the Welcome Page have been released.', N'3dc480f1-5586-e311-821b-00215e73190e', 1, 1, '20140530 22:45:51.000', '20140530 22:45:51.000', N'James', NULL, NULL)
	INSERT INTO [PublicContent].[News] ([ID], [Title], [Text], [OwnerID], [ItemType], [IsPublished], [PublishedOn], [CreatedOn], [CreatedBy], [ModifiedOn], [ModifiedBy]) VALUES (N'ad090882-d62c-e411-bdbf-00215e73190e', N'Better Mobile Device Support', N'We have streamlined the UI to better support mobile devices of different sizes. The Budget Item Editor dialog was also added to allow changing a Budget Item''s Template after creation for more accurate reports.', N'3dc480f1-5586-e311-821b-00215e73190e', 1, 1, '20140825 23:07:00.000', '20140825 23:07:00.000', N'James', NULL, NULL)
	INSERT INTO [PublicContent].[News] ([ID], [Title], [Text], [OwnerID], [ItemType], [IsPublished], [PublishedOn], [CreatedOn], [CreatedBy], [ModifiedOn], [ModifiedBy]) VALUES (N'b3fbee39-38e8-e311-821b-00215e73190e', N'Account to Budget Linking', N'Accounts can now be linked to certain types of budget items so that line items from budgets will automatically show up in their corresponding account.  See Help Videos for more information on how to link your accounts in your budgets.', N'3dc480f1-5586-e311-821b-00215e73190e', 1, 1, '20140511 22:55:11.000', '20140511 22:55:11.000', N'James', NULL, NULL)
	INSERT INTO [PublicContent].[News] ([ID], [Title], [Text], [OwnerID], [ItemType], [IsPublished], [PublishedOn], [CreatedOn], [CreatedBy], [ModifiedOn], [ModifiedBy]) VALUES (N'bdb8e138-a40c-e411-91eb-00215e73190e', N'Account Management Changes', N'Account and Account Category Management have been moved to the Accounts Overview Page instead of the Accounts of Type Editor. This is in anticipation of adding Recurring Charges / Payments options to Accounts on the Accounts Overview Page.', N'3dc480f1-5586-e311-821b-00215e73190e', 1, 1, '20140715 23:46:00.000', '20140715 23:46:00.000', N'James', NULL, NULL)
	INSERT INTO [PublicContent].[News] ([ID], [Title], [Text], [OwnerID], [ItemType], [IsPublished], [PublishedOn], [CreatedOn], [CreatedBy], [ModifiedOn], [ModifiedBy]) VALUES (N'd8ec6ad4-75e8-e311-821b-00215e73190e', N'Site Development Begun', N'Work begins on a new way of tracking wealth on the new site trackItsValue.com, good things to follow!', N'3dc480f1-5586-e311-821b-00215e73190e', 0, 1, '20130917 21:47:00.000', '20130917 21:47:00.000', N'James', NULL, NULL)
	INSERT INTO [PublicContent].[News] ([ID], [Title], [Text], [OwnerID], [ItemType], [IsPublished], [PublishedOn], [CreatedOn], [CreatedBy], [ModifiedOn], [ModifiedBy]) VALUES (N'df3690f3-38e8-e311-821b-00215e73190e', N'Accounts are Available!', N'Accounts functionality has now been released for use by beta users. See Help Videos for more information on how to setup your accounts.', N'3dc480f1-5586-e311-821b-00215e73190e', 1, 1, '20140421 23:08:00.000', '20140421 23:08:00.000', N'James', NULL, NULL)
	INSERT INTO [PublicContent].[News] ([ID], [Title], [Text], [OwnerID], [ItemType], [IsPublished], [PublishedOn], [CreatedOn], [CreatedBy], [ModifiedOn], [ModifiedBy]) VALUES (N'e09238b1-9438-e411-8d30-00215e73190e', N'First Account Report Available', N'The "Account Activity by Month" report is now available.', N'3dc480f1-5586-e311-821b-00215e73190e', 1, 1, '20140830 17:35:00.000', '20140830 05:17:00.000', N'James', NULL, NULL)
	INSERT INTO [PublicContent].[News] ([ID], [Title], [Text], [OwnerID], [ItemType], [IsPublished], [PublishedOn], [CreatedOn], [CreatedBy], [ModifiedOn], [ModifiedBy]) VALUES (N'e4eabe5a-17fc-e311-80b0-00215e73190e', N'Performance Updates and Minor Bug Fixes', N'Updated the Monthly Budget and the Accounts Editors to have major performance gains when the page has a sigificant amount of data. Fixed menu selection on page reload. Fixed indexing of month on budget copy page.', N'3dc480f1-5586-e311-821b-00215e73190e', 2, 1, '20140624 22:20:00.000', '20140624 22:18:19.817', N'James', NULL, NULL)
END
IF NOT EXISTS (SELECT TOP 1 Id FROM PublicContent.PageContent)
BEGIN
	INSERT INTO [PublicContent].[PageContent] ([ID], [PageName], [PageSection], [HtmlContent], [Version], [IsPublished], [PublishedOn], [CreatedOn], [CreatedBy], [ModifiedOn], [ModifiedBy]) VALUES (N'b56ff493-fee2-e311-821b-00215e73190e', N'welcome', N'mainContent', N'<div class="widget-box"><div class="widget-header widget-header-flat"><h4>Welcome to trackItsValue.com</h4></div><div class="widget-body"><div class="widget-main"><p>Welcome to <b>trackItsValue.com</b>, we are glad you have decided to take control of your money!</p><p>In order to help you do this, this site was designed with a few major goals in mind:</p><ul><li>To give you the tools you need to <b>get out of debt</b>, and to stay out of debt permanently.</li><li>To give you insight into how you spend your money; with an eye towards fostering more responsible money management through <b>total income and spending visibility</b>.</li><li>To give you a simple way to track your spending and saving habits over time.</li><li>To be <b>completely anonymous</b>, no need to enter in any account or personal information, you simply need a valid email address and you are ready to use this site.</li></ul><p>Currently, we provide you with three main tools to help you with these goals:</p><h4 class="text-center">A Monthly Zero Based Budget Editor</h4><img class="image-center" src="../../Content/img/BudgetViewSmall.jpg"><p>The monthly budget editor is simple to use, and will allow you to keep track of spending during the entire month. Start to finish, you will always know how much money you have spent and what you have left.</p><h4 class="text-center">A Monthly Account Editor</h4><img class="image-center" src="../../Content/img/AccountsViewSmall.jpg"><p>The monthly account editor will allow you to track your <b>complete wealth picture</b>, showing you all bank and retirement account values, and all current secured and unsecured debt obligations <b>in one consolidated location.</b></p><h4 class="text-center">Budget and Account Analytics</h4><img class="image-center" src="../../Content/img/UtilitiesSpendingSmall.jpg"><p>We provide many different reports that you can run against your budgets and accounts for the month or over years worth of data. This will allow you to view spending and saving habits over time and to see your <b>wealth accumulation and debt reduction!</b></p><h4 class="text-center">trackItsValue.com does this all for free!</h4><p>We will be releasing more new features in the coming months, so managing your money and tracking your net worth will only become simpler. Watch the <a href="http://www.trackItsValue.com/#!/news">News</a> page to see when features are released. And take a look at the <a href="http://www.trackItsValue.com/#!/helpVideos">Videos</a> page to learn how to use all the tools on this site.</p></div></div></div>', 1, 1, '20140523 23:49:00.000', '20140523 23:47:59.310', N'James', NULL, NULL)
END

IF NOT EXISTS (SELECT TOP 1 Id FROM PublicContent.Quotes)
BEGIN
	INSERT INTO [PublicContent].[Quotes] ([ID], [Source], [Text], [CreatedOn], [CreatedBy]) VALUES (1, N'James Lendall Basford', N'The man who never has money enough to pay his debts has too much of something else.', '20140516 20:21:08.107', N'James')
	INSERT INTO [PublicContent].[Quotes] ([ID], [Source], [Text], [CreatedOn], [CreatedBy]) VALUES (2, N'Adam Smith', N'What can be added to the happiness of a man who is in health, out of debt, and has a clear conscience?', '20140516 20:21:41.223', N'James')
	INSERT INTO [PublicContent].[Quotes] ([ID], [Source], [Text], [CreatedOn], [CreatedBy]) VALUES (3, N'Ogden Nash', N'Some debts are fun when you are acquiring them, but none are fun when you set about retiring them.', '20140516 20:24:05.943', N'James')
	INSERT INTO [PublicContent].[Quotes] ([ID], [Source], [Text], [CreatedOn], [CreatedBy]) VALUES (4, N'Unknown', N'The only man who sticks closer to you in adversity than a friend is a creditor.', '20140516 20:24:37.987', N'James')
	INSERT INTO [PublicContent].[Quotes] ([ID], [Source], [Text], [CreatedOn], [CreatedBy]) VALUES (5, N'Unknown', N'Running into debt isn’t so bad. It’s running into creditors that hurts.', '20140516 20:25:30.117', N'James')
	INSERT INTO [PublicContent].[Quotes] ([ID], [Source], [Text], [CreatedOn], [CreatedBy]) VALUES (6, N'Proverbs 22:7', N'The rich rules over the poor, and the borrower is the slave of the lender.', '20140516 20:26:00.760', N'James')
	INSERT INTO [PublicContent].[Quotes] ([ID], [Source], [Text], [CreatedOn], [CreatedBy]) VALUES (7, N'Benjamin Franklin', N'Rather go to bed supperless, than rise in debt.', '20140516 20:28:09.867', N'James')
	INSERT INTO [PublicContent].[Quotes] ([ID], [Source], [Text], [CreatedOn], [CreatedBy]) VALUES (8, N'Dave Ramsey', N'Debt is normal. Be weird.', '20140516 20:28:27.640', N'James')
	INSERT INTO [PublicContent].[Quotes] ([ID], [Source], [Text], [CreatedOn], [CreatedBy]) VALUES (9, N'Publilius Syrus', N'Debt is the slavery of the free.', '20140516 21:25:32.157', N'James')
	INSERT INTO [PublicContent].[Quotes] ([ID], [Source], [Text], [CreatedOn], [CreatedBy]) VALUES (10, N'Andrew Jackson', N'When you get in debt you become a slave.', '20140516 21:26:23.397', N'James')
	INSERT INTO [PublicContent].[Quotes] ([ID], [Source], [Text], [CreatedOn], [CreatedBy]) VALUES (11, N'Benjamin Franklin', N'Tis against some mens principle to pay interest, and seems against others interest to pay the principle.', '20140516 21:26:58.750', N'James')
	INSERT INTO [PublicContent].[Quotes] ([ID], [Source], [Text], [CreatedOn], [CreatedBy]) VALUES (12, N'Thomas Jefferson', N'Never spend your money before you have it.', '20140516 21:27:23.630', N'James')
	INSERT INTO [PublicContent].[Quotes] ([ID], [Source], [Text], [CreatedOn], [CreatedBy]) VALUES (13, N'Earl Wilson', N'If you think nobody cares if you’re alive, try missing a couple of car payments.', '20140516 21:28:33.020', N'James')
	INSERT INTO [PublicContent].[Quotes] ([ID], [Source], [Text], [CreatedOn], [CreatedBy]) VALUES (14, N'Earl Wilson', N'This would be a much better world if more married couples were as deeply in love as they are in debt.', '20140516 21:29:04.677', N'James')
	INSERT INTO [PublicContent].[Quotes] ([ID], [Source], [Text], [CreatedOn], [CreatedBy]) VALUES (15, N'Ambrose Bierce', N'Debt, n.  An ingenious substitute for the chain and whip of the slavedriver.', '20140516 21:29:42.017', N'James')
	INSERT INTO [PublicContent].[Quotes] ([ID], [Source], [Text], [CreatedOn], [CreatedBy]) VALUES (16, N'Ralph Waldo Emerson', N'Wouldst thou shut up the avenues of ill, Pay every debt as if God wrote the bill.', '20140516 21:32:11.560', N'James')
	INSERT INTO [PublicContent].[Quotes] ([ID], [Source], [Text], [CreatedOn], [CreatedBy]) VALUES (17, N'William Shakespeare', N'Neither a borrower nor a lender be; for loan doth oft lose both itself and friend.', '20140516 21:32:35.897', N'James')
	INSERT INTO [PublicContent].[Quotes] ([ID], [Source], [Text], [CreatedOn], [CreatedBy]) VALUES (18, N'Henry Wadsworth Longfellow', N'He looks the whole world in the face for he owes not any man.', '20140516 21:33:21.060', N'James')
	INSERT INTO [PublicContent].[Quotes] ([ID], [Source], [Text], [CreatedOn], [CreatedBy]) VALUES (19, N'Thomas Fuller', N'Debt is the worst poverty.', '20140516 21:33:50.890', N'James')
	INSERT INTO [PublicContent].[Quotes] ([ID], [Source], [Text], [CreatedOn], [CreatedBy]) VALUES (20, N'Edward G. Bulwer-Lytton', N'Youth is in danger until it learns to look upon debts as furies.', '20140516 21:34:20.533', N'James')
	INSERT INTO [PublicContent].[Quotes] ([ID], [Source], [Text], [CreatedOn], [CreatedBy]) VALUES (21, N'Robert Green Ingersoll', N'A mortgage casts a shadow on the sunniest field.', '20140516 21:37:21.330', N'James')
	INSERT INTO [PublicContent].[Quotes] ([ID], [Source], [Text], [CreatedOn], [CreatedBy]) VALUES (22, N'Ezra Pound', N'Wars in old times were made to get slaves. The modern implement of imposing slavery is debt.', '20140516 21:38:00.823', N'James')
	INSERT INTO [PublicContent].[Quotes] ([ID], [Source], [Text], [CreatedOn], [CreatedBy]) VALUES (23, N'Proverbs 13:11', N'Dishonest money dwindles away, but whoever gathers money little by little makes it grow. ', '20170518 10:08:00.000', N'James')
	INSERT INTO [PublicContent].[Quotes] ([ID], [Source], [Text], [CreatedOn], [CreatedBy]) VALUES (24, N'Hebrews 13:5', N'Keep your lives free from the love of money and be content with what you have, because God has said, “Never will I leave you; never will I forsake you.” ', '20170518 10:10:00.000', N'James')
	INSERT INTO [PublicContent].[Quotes] ([ID], [Source], [Text], [CreatedOn], [CreatedBy]) VALUES (25, N'Proverbs 10:4', N'Lazy hands make for poverty, but diligent hands bring wealth. ', '20170518 10:12:00.000', N'James')
	INSERT INTO [PublicContent].[Quotes] ([ID], [Source], [Text], [CreatedOn], [CreatedBy]) VALUES (26, N'Luke 14:28', N'Suppose one of you wants to build a tower. Won’t you first sit down and estimate the cost to see if you have enough money to complete it? For if you lay the foundation and are not able to finish it, everyone who sees it will ridicule you.', '20170518 10:14:00.000', N'James')
END
IF NOT EXISTS (SELECT TOP 1 Id FROM PublicContent.VideoCategories)
BEGIN
	INSERT INTO [PublicContent].[VideoCategories] ([ID], [Description], [CreatedOn], [CreatedBy], [ModifiedOn], [ModifiedBy]) VALUES (N'3d206199-63ec-e311-821b-00215e73190e', N'Monthly Budgeting', '20140604 22:43:48.030', N'James', NULL, NULL)
	INSERT INTO [PublicContent].[VideoCategories] ([ID], [Description], [CreatedOn], [CreatedBy], [ModifiedOn], [ModifiedBy]) VALUES (N'3fb487eb-64ec-e311-821b-00215e73190e', N'Account Management', '20140604 22:53:15.370', N'James', NULL, NULL)
END
IF NOT EXISTS (SELECT TOP 1 Id FROM PublicContent.Videos)
BEGIN
	INSERT INTO [PublicContent].[Videos] ([ID], [Title], [VideoEmbed], [Description], [CategoryID], [CreatedOn], [CreatedBy], [ModifiedOn], [ModifiedBy]) VALUES (N'156853df-d1ed-e311-821b-00215e73190e', N'Creating Your First Budget - Part 2 - Creating the Budget''s Planned Spending', N'<div class="embed-responsive embed-responsive-16by9"><iframe class="embed-responsive-item" src="//www.youtube.com/embed/a4EiIeFX7JI" allowfullscreen></iframe></div>', N'This video tutorial runs through creating your planned income and spending for the month.', N'3d206199-63ec-e311-821b-00215e73190e', '20140606 18:25:41.210', N'James', NULL, NULL)
	INSERT INTO [PublicContent].[Videos] ([ID], [Title], [VideoEmbed], [Description], [CategoryID], [CreatedOn], [CreatedBy], [ModifiedOn], [ModifiedBy]) VALUES (N'2c4285a4-d1ed-e311-821b-00215e73190e', N'Creating Your First Budget - Part 1 - Preparation and Prerequisites', N'<div  class="embed-responsive embed-responsive-16by9"><iframe class="embed-responsive-item" src="//www.youtube.com/embed/y1jerv62fqc" allowfullscreen></iframe></div>', N'This video tutorial describes prerequisites and what you should have prepared when creating your first budget.', N'3d206199-63ec-e311-821b-00215e73190e', '20140606 18:24:02.540', N'James', NULL, NULL)
	INSERT INTO [PublicContent].[Videos] ([ID], [Title], [VideoEmbed], [Description], [CategoryID], [CreatedOn], [CreatedBy], [ModifiedOn], [ModifiedBy]) VALUES (N'5102e72f-f23e-e411-b0a0-00215e73190e', N'Creating Your First Budget - Part 3 – Recording Actual Monthly Spending', N'<div class="embed-responsive embed-responsive-16by9"><iframe class="embed-responsive-item" src="//www.youtube.com/embed/AEaL3NmKvEA" allowfullscreen></iframe></div>', N'This video tutorial runs through actual spending for the month. It also shows you how to handle unexpected expenses and how to complete the month with a Zero Based Budget.', N'3d206199-63ec-e311-821b-00215e73190e', '20140918 00:10:00.000', N'James', NULL, NULL)
	INSERT INTO [PublicContent].[Videos] ([ID], [Title], [VideoEmbed], [Description], [CategoryID], [CreatedOn], [CreatedBy], [ModifiedOn], [ModifiedBy]) VALUES (N'61969889-f23e-e411-b0a0-00215e73190e', N'Creating Your Second Budget – Yes, it Really is that Easy!', N'<div class="embed-responsive embed-responsive-16by9"><iframe class="embed-responsive-item" src="//www.youtube.com/embed/JYvcWCSaq4c" allowfullscreen></iframe></div>', N'This video tutorial runs through copying your first month’s budget to use as a template for your second month, and filling out any necessary differences between the two months.', N'3d206199-63ec-e311-821b-00215e73190e', '20140918 00:13:00.000', N'James', NULL, NULL)
	INSERT INTO [PublicContent].[Videos] ([ID], [Title], [VideoEmbed], [Description], [CategoryID], [CreatedOn], [CreatedBy], [ModifiedOn], [ModifiedBy]) VALUES (N'd15d7ed5-f23e-e411-b0a0-00215e73190e', N'Running Budget Reports – Insight into Data Over Time', N'<div class="embed-responsive embed-responsive-16by9"><iframe class="embed-responsive-item" src="//www.youtube.com/embed/kKHyGIBxu1I" allowfullscreen></iframe></div>', N'This video tutorial describes the process of running reports against your budget data. It shows how to run two reports specifically, and some of the options available when running those reports.', N'3d206199-63ec-e311-821b-00215e73190e', '20140918 00:15:00.000', N'James', NULL, NULL)
END

IF NOT EXISTS (SELECT TOP 1 ApplicationId FROM Miscellaneous.Configurations)
BEGIN
	INSERT INTO [Miscellaneous].[Configurations] ([ApplicationID], [Name], [Value], [CreatedOn], [CreatedBy], [ModifiedOn], [ModifiedBy]) VALUES (0, N'invalid-password-attempts-before-lockout', N'3', '20140126 00:48:33.453', N'James', NULL, NULL)
	INSERT INTO [Miscellaneous].[Configurations] ([ApplicationID], [Name], [Value], [CreatedOn], [CreatedBy], [ModifiedOn], [ModifiedBy]) VALUES (5, N'agent-smtp-enable-ssl', N'true', '20140306 20:43:00.000', N'James', NULL, NULL)
	INSERT INTO [Miscellaneous].[Configurations] ([ApplicationID], [Name], [Value], [CreatedOn], [CreatedBy], [ModifiedOn], [ModifiedBy]) VALUES (5, N'agent-smtp-port', N'587', '20140306 20:41:00.000', N'James', NULL, NULL)
	INSERT INTO [Miscellaneous].[Configurations] ([ApplicationID], [Name], [Value], [CreatedOn], [CreatedBy], [ModifiedOn], [ModifiedBy]) VALUES (5, N'agent-smtp-pswd', N'2Rings2RuleThem', '20140306 20:42:00.000', N'James', NULL, NULL)
	INSERT INTO [Miscellaneous].[Configurations] ([ApplicationID], [Name], [Value], [CreatedOn], [CreatedBy], [ModifiedOn], [ModifiedBy]) VALUES (5, N'agent-smtp-server', N'smtp.office365.com', '20140306 20:40:00.000', N'James', NULL, NULL)
	INSERT INTO [Miscellaneous].[Configurations] ([ApplicationID], [Name], [Value], [CreatedOn], [CreatedBy], [ModifiedOn], [ModifiedBy]) VALUES (5, N'agent-smtp-uname', N'admin@trackitsvalue.com', '20140306 20:42:00.000', N'James', NULL, NULL)
	INSERT INTO [Miscellaneous].[Configurations] ([ApplicationID], [Name], [Value], [CreatedOn], [CreatedBy], [ModifiedOn], [ModifiedBy]) VALUES (5, N'new-alerts-email-body', N'<html>
	<head>
	  <meta http-equiv="Content-Type" content="text/html; charset=utf-8" />
	  <style type="text/css">
		body {
		  font-family: "Open Sans", "Helvetica Neue", Helvetica, Arial, sans-serif;
		  background: ghostwhite;
		}
	
		h1 {
		text-align: center;
		}

		p.MsoNormal, li.MsoNormal, div.MsoNormal {
		  margin: 0in;
		  margin-bottom: .0001pt;
		  font-size: 12.0pt;
		}

		a:link, span.MsoHyperlink {
		  color: #438eb9;
		  text-decoration: underline;
		}

		a:visited, span.MsoHyperlinkFollowed {
		  color: purple;
		  text-decoration: underline;
		}

		span.EmailStyle17 {
		  color: windowtext;
		}

		div.Section1 {
		  margin: 0.2in 1.0in 0.2in 1.0in;
		}	
		
		#alerts-table
		{
			font-family: "Lucida Sans Unicode", "Lucida Grande", Sans-Serif;
			font-size: 12px;
			margin: 45px;
			width: 480px;
			text-align: left;
			border-collapse: collapse;
		}
		#alerts-table th
		{
			font-size: 13px;
			font-weight: normal;
			padding: 8px;
			background: #b9c9fe url(''table-images/gradhead.png'') repeat-x;
			border-top: 2px solid #d3ddff;
			border-bottom: 1px solid #fff;
			color: #039;
		}
		#alerts-table td
		{
			padding: 8px; 
			border-bottom: 1px solid #fff;
			color: #669;
			border-top: 1px solid #fff;
			background: #e8edff url(''table-images/gradback.png'') repeat-x;
		}
		#alerts-table tfoot tr td
		{
			background: #e8edff;
			font-size: 12px;
			color: #99c;
		}
		#alerts-table tbody tr:hover td
		{
			background: #d0dafd url(''table-images/gradhover.png'') repeat-x;
			color: #339;
		}
	
		.alert-text-warning > tr {
		  color: #d15b47 !important;
		}
	
		.text-r {
			text-align: right;
		}
	
		.text-c {
			text-align: center;
		}
	
	  </style>
	</head>
	<body lang="EN-US">
		<h1><div><span><img alt="$" src="http://trackitsvalue.com/Content/img/XSmallLogo.png"></span><span style="color: #478fca; font-size: 20pt;">trackItsValue.com</span></div></center></h1>
		<div class="Section1">
		<p class="MsoNormal">
		  <b>
			<span style=''font-size: 16.0pt;''>
			  The following alert(s) have just been triggered for your account:
			</span>
		  </b>
		</p>
		<p class="MsoNormal">
		  &nbsp;
		</p>
		<p><center>
		  @alertsTable@
		</center></p>
		<p class="MsoNormal">
		  &nbsp;
		</p>
		<p class="MsoNormal">
		  <span style=''font-size: 9.0pt;''>
			This message has been automatically generated by <span style="color: #478fca; font-size: 10.0pt; font-weight: bold;">trackItsValue.com</span>''s workflow system, please do not reply to
			this message as the mailbox associated with this email is not monitored.
		  </span>
		</p>
	  </div>
	</body>
	</html>', '20170608 23:17:00.000', N'James', NULL, NULL)
	INSERT INTO [Miscellaneous].[Configurations] ([ApplicationID], [Name], [Value], [CreatedOn], [CreatedBy], [ModifiedOn], [ModifiedBy]) VALUES (5, N'new-alerts-email-subject', N'You Have Alerts!', '20170608 23:18:00.000', N'James', NULL, NULL)
	INSERT INTO [Miscellaneous].[Configurations] ([ApplicationID], [Name], [Value], [CreatedOn], [CreatedBy], [ModifiedOn], [ModifiedBy]) VALUES (5, N'new-user-confirmation-email-body', N'<html>
	<head>
		<meta http-equiv="Content-Type" content="text/html; charset=utf-8" />
	  <style type="text/css">
		  body {
			font-family: "Open Sans", "Helvetica Neue", Helvetica, Arial, sans-serif;
			background: ghostwhite;
		  }
			p.MsoNormal, li.MsoNormal, div.MsoNormal
			{
				margin: 0in;
				margin-bottom: .0001pt;
				font-size: 12.0pt;
			}
			a:link, span.MsoHyperlink
			{
				color:  #438eb9;
				text-decoration: underline;
			}
			a:visited, span.MsoHyperlinkFollowed
			{
				color: purple;
				text-decoration: underline;
			}
			span.EmailStyle17
			{
				color: windowtext;
			}
			div.Section1
			{
				margin: 1.0in 1.0in 1.0in 1.0in;
			}
	  </style>
	</head>
	<body lang="EN-US">
		<div class="Section1">
			<p class="MsoNormal">
				<b>
				<span style=''font-size: 16.0pt;''>
				  The user @UserName@ has just been registered to your email address at <span style="color: #69aa46">$</span><span style="color: #438eb9">trackItsValue.com</span>.</span></b></p>
			<p class="MsoNormal">
				&nbsp;</p>
			<p class="MsoNormal">
			  If you wish to finish registration please click on <a href="http://www.trackItsValue.com/enableUser?UserName=@UserName@&ConfirmationId=@ConfirmationId@">this link</a>.
			</p>  
		  <p class="MsoNormal">
				&nbsp;</p>
			<p class="MsoNormal">
			  <span style=''font-size: 9.0pt;''>This message has been automatically generated by 
				<span style="color: #69aa46; font-size: 10.0pt; font-weight: bold;">$</span><span style="color: #438eb9; font-size: 10.0pt; font-weight: bold;">trackItsValue.com</span>''s workflow system, please do not reply to
					this message as the mailbox associated with this email is not monitored.</span></p>
		</div>
	</body>
	</html>', '20140306 16:10:00.000', N'James', '20140309 12:45:10.990', N'James')
	INSERT INTO [Miscellaneous].[Configurations] ([ApplicationID], [Name], [Value], [CreatedOn], [CreatedBy], [ModifiedOn], [ModifiedBy]) VALUES (5, N'new-user-confirmation-email-subject', N'Confirm your new user at trackItsValue.com', '20140306 16:09:00.000', N'James', NULL, NULL)
	INSERT INTO [Miscellaneous].[Configurations] ([ApplicationID], [Name], [Value], [CreatedOn], [CreatedBy], [ModifiedOn], [ModifiedBy]) VALUES (5, N'redis-cache-connection', N'db03.serenity.dom:6379', '20140324 12:21:00.000', N'James', NULL, NULL)
	INSERT INTO [Miscellaneous].[Configurations] ([ApplicationID], [Name], [Value], [CreatedOn], [CreatedBy], [ModifiedOn], [ModifiedBy]) VALUES (5, N'user-reset-passwrod-email-body', N'<html>
	<head>
		<meta http-equiv="Content-Type" content="text/html; charset=utf-8" />
	  <style type="text/css">
		  body {
			font-family: "Open Sans", "Helvetica Neue", Helvetica, Arial, sans-serif;
			background: ghostwhite;
		  }
			p.MsoNormal, li.MsoNormal, div.MsoNormal
			{
				margin: 0in;
				margin-bottom: .0001pt;
				font-size: 12.0pt;
			}
			a:link, span.MsoHyperlink
			{
				color:  #438eb9;
				text-decoration: underline;
			}
			a:visited, span.MsoHyperlinkFollowed
			{
				color: purple;
				text-decoration: underline;
			}
			span.EmailStyle17
			{
				color: windowtext;
			}
			div.Section1
			{
				margin: 1.0in 1.0in 1.0in 1.0in;
			}
	  </style>
	</head>
	<body lang="EN-US">
		<div class="Section1">
			<p class="MsoNormal">
				<b>
				<span style=''font-size: 16.0pt;''>
				  A reset password request for @UserName@ has just been registered to your email address at <span style="color: #69aa46">$</span><span style="color: #438eb9">trackItsValue.com</span>.</span></b></p>
			<p class="MsoNormal">
				&nbsp;</p>
			<p class="MsoNormal">
			  If you wish to reset your password please click on <a href="http://www.trackItsValue.com/resetUserPassword?UserName=@UserName@&ConfirmationId=@ConfirmationId@">this link</a>.
			</p>  
		  <p class="MsoNormal">
				&nbsp;</p>
			<p class="MsoNormal">
			  <span style=''font-size: 9.0pt;''>This message has been automatically generated by 
				<span style="color: #69aa46; font-size: 10.0pt; font-weight: bold;">$</span><span style="color: #438eb9; font-size: 10.0pt; font-weight: bold;">trackItsValue.com</span>''s workflow system, please do not reply to
					this message as the mailbox associated with this email is not monitored.</span></p>
		</div>
	</body>
	</html>', '20140905 22:41:40.377', N'James', '20140906 00:28:22.830', N'James')
	INSERT INTO [Miscellaneous].[Configurations] ([ApplicationID], [Name], [Value], [CreatedOn], [CreatedBy], [ModifiedOn], [ModifiedBy]) VALUES (5, N'user-reset-passwrod-email-subject', N'Reset your user at trackItsValue.com', '20140905 23:32:00.000', N'James', NULL, NULL)
END











IF NOT EXISTS (SELECT TOP 1 Id FROM Reports.ReportControls)
BEGIN
	INSERT INTO [Reports].[ReportControls] ([ID], [ReportID], [DisplayIndex], [Description], [Html], [CreatedOn], [CreatedBy], [ModifiedOn], [ModifiedBy]) VALUES (N'0a137982-9731-e411-b92d-00215e73190e', N'1af4baf5-9631-e411-b92d-00215e73190e', 1, N'Starting Month', N'<freeby-month-picker cache-name="budgetReports.StartDate" current-date="reportSelection.startDate" />', '20140901 00:19:00.000', N'James', NULL, NULL)
	INSERT INTO [Reports].[ReportControls] ([ID], [ReportID], [DisplayIndex], [Description], [Html], [CreatedOn], [CreatedBy], [ModifiedOn], [ModifiedBy]) VALUES (N'10dd319a-b91e-e411-91eb-00215e73190e', N'e2568a63-511e-e411-91eb-00215e73190e', 1, N'Budget Category', N'<freeby-budget-category-picker is-required="true" selected-category="reportSelection.budgetCategoryTemplate" budget-categories="lookups.budgetCategoryTemplates.expenseCategories" />', '20140808 00:05:00.000', N'James', NULL, NULL)
	INSERT INTO [Reports].[ReportControls] ([ID], [ReportID], [DisplayIndex], [Description], [Html], [CreatedOn], [CreatedBy], [ModifiedOn], [ModifiedBy]) VALUES (N'159af885-a822-e411-91eb-00215e73190e', N'e2568a63-511e-e411-91eb-00215e73190e', 3, N'Ending Month', N'<freeby-month-picker cache-name="budgetReports.EndDate" current-date="reportSelection.endDate" />', '20140813 12:13:00.000', N'James', NULL, NULL)
	INSERT INTO [Reports].[ReportControls] ([ID], [ReportID], [DisplayIndex], [Description], [Html], [CreatedOn], [CreatedBy], [ModifiedOn], [ModifiedBy]) VALUES (N'42c2db0c-9d30-e411-b92d-00215e73190e', N'0cd15cab-4f1e-e411-91eb-00215e73190e', 0, N'Chart Type', N'<select ng-required="true" ng-model="reportSelection.reportOptions" class="form-control" id="category-selection"><option value="">-- chose a type of chart to display data in --</option><option value="Line">Line Chart</option><option value="Bar">Bar Chart</option><option value="StackedBar">Stacked Bar Chart</option></select>', '20140830 18:26:00.000', N'James', NULL, NULL)
	INSERT INTO [Reports].[ReportControls] ([ID], [ReportID], [DisplayIndex], [Description], [Html], [CreatedOn], [CreatedBy], [ModifiedOn], [ModifiedBy]) VALUES (N'50ece429-e633-e411-b92d-00215e73190e', N'402536b6-e533-e411-b92d-00215e73190e', 1, N'Ending Date', N'<freeby-month-picker cache-name="budgetReports.EndDate" current-date="reportSelection.endDate" />', '20140807 21:51:00.000', N'James', NULL, NULL)
	INSERT INTO [Reports].[ReportControls] ([ID], [ReportID], [DisplayIndex], [Description], [Html], [CreatedOn], [CreatedBy], [ModifiedOn], [ModifiedBy]) VALUES (N'9319f7dc-a61e-e411-91eb-00215e73190e', N'0cd15cab-4f1e-e411-91eb-00215e73190e', 2, N'Ending Date', N'<freeby-month-picker cache-name="budgetReports.EndDate" current-date="reportSelection.endDate" />', '20140807 21:51:00.000', N'James', NULL, NULL)
	INSERT INTO [Reports].[ReportControls] ([ID], [ReportID], [DisplayIndex], [Description], [Html], [CreatedOn], [CreatedBy], [ModifiedOn], [ModifiedBy]) VALUES (N'aad2f08c-9731-e411-b92d-00215e73190e', N'1af4baf5-9631-e411-b92d-00215e73190e', 2, N'Ending Month', N'<freeby-month-picker cache-name="budgetReports.EndDate" current-date="reportSelection.endDate" />', '20140901 00:19:00.000', N'James', NULL, NULL)
	INSERT INTO [Reports].[ReportControls] ([ID], [ReportID], [DisplayIndex], [Description], [Html], [CreatedOn], [CreatedBy], [ModifiedOn], [ModifiedBy]) VALUES (N'b567c866-a822-e411-91eb-00215e73190e', N'e2568a63-511e-e411-91eb-00215e73190e', 2, N'Starting Month', N'<freeby-month-picker cache-name="budgetReports.StartDate" current-date="reportSelection.startDate" />', '20140813 12:12:00.000', N'James', NULL, NULL)
	INSERT INTO [Reports].[ReportControls] ([ID], [ReportID], [DisplayIndex], [Description], [Html], [CreatedOn], [CreatedBy], [ModifiedOn], [ModifiedBy]) VALUES (N'c3dbd0cf-a61e-e411-91eb-00215e73190e', N'0cd15cab-4f1e-e411-91eb-00215e73190e', 1, N'Starting Date', N'<freeby-month-picker cache-name="budgetReports.StartDate" current-date="reportSelection.startDate" />', '20140807 21:50:00.000', N'James', NULL, NULL)
	INSERT INTO [Reports].[ReportControls] ([ID], [ReportID], [DisplayIndex], [Description], [Html], [CreatedOn], [CreatedBy], [ModifiedOn], [ModifiedBy]) VALUES (N'ca6d0676-9731-e411-b92d-00215e73190e', N'1af4baf5-9631-e411-b92d-00215e73190e', 0, N'Account', N'<freeby-account-picker is-required="true" selected-account="reportSelection.account" accounts="lookups.accounts" />', '20140901 00:18:00.000', N'James', NULL, NULL)
	INSERT INTO [Reports].[ReportControls] ([ID], [ReportID], [DisplayIndex], [Description], [Html], [CreatedOn], [CreatedBy], [ModifiedOn], [ModifiedBy]) VALUES (N'd2e2fcfe-9c30-e411-b92d-00215e73190e', N'e2568a63-511e-e411-91eb-00215e73190e', 0, N'Chart Type', N'<select ng-required="true" ng-model="reportSelection.reportOptions" class="form-control" id="category-selection"><option value="">-- chose a type of chart to display data in --</option><option value="Line">Line Chart</option><option value="Bar">Bar Chart</option><option value="StackedBar">Stacked Bar Chart</option></select>', '20140830 18:25:00.000', N'James', NULL, NULL)
	INSERT INTO [Reports].[ReportControls] ([ID], [ReportID], [DisplayIndex], [Description], [Html], [CreatedOn], [CreatedBy], [ModifiedOn], [ModifiedBy]) VALUES (N'e112e8dc-e533-e411-b92d-00215e73190e', N'402536b6-e533-e411-b92d-00215e73190e', 0, N'Starting Date', N'<freeby-month-picker cache-name="budgetReports.StartDate" current-date="reportSelection.startDate" />', '20140807 21:50:00.000', N'James', NULL, NULL)
END
IF NOT EXISTS (SELECT TOP 1 Id FROM Reports.Reports)
BEGIN
	INSERT INTO [Reports].[Reports] ([ID], [CategoryID], [Description], [DisplayIndex], [StoredProcedure], [ReportHelper], [CreatedOn], [CreatedBy], [ModifiedOn], [ModifiedBy]) VALUES (N'0cd15cab-4f1e-e411-91eb-00215e73190e', 1, N'Budget Categories Spending by Month', 0, N'Reports.Budgeting_CategoriesForDateRange', N'freebyESB.WebEngine.Track.Services.ReportHelpers.StandardBudgetReportHelper', '20140807 11:26:00.000', N'James', NULL, NULL)
	INSERT INTO [Reports].[Reports] ([ID], [CategoryID], [Description], [DisplayIndex], [StoredProcedure], [ReportHelper], [CreatedOn], [CreatedBy], [ModifiedOn], [ModifiedBy]) VALUES (N'1af4baf5-9631-e411-b92d-00215e73190e', 2, N'Account Activity by Month', 0, N'Reports.Accounting_ActualsForDateRange', N'freebyESB.WebEngine.Track.Services.ReportHelpers.StandardAccountReportHelper', '20140901 00:15:00.000', N'James', NULL, NULL)
	INSERT INTO [Reports].[Reports] ([ID], [CategoryID], [Description], [DisplayIndex], [StoredProcedure], [ReportHelper], [CreatedOn], [CreatedBy], [ModifiedOn], [ModifiedBy]) VALUES (N'402536b6-e533-e411-b92d-00215e73190e', 1, N'Total Budget Income, Spending, Surpluses and Deficits by Month', 2, N'Reports.Budgeting_IncomeAndSpendingForDateRange', N'freebyESB.WebEngine.Track.Services.ReportHelpers.BudgetSurplusAndDeficitReportHelper', '20140903 22:43:00.000', N'James', NULL, NULL)
	INSERT INTO [Reports].[Reports] ([ID], [CategoryID], [Description], [DisplayIndex], [StoredProcedure], [ReportHelper], [CreatedOn], [CreatedBy], [ModifiedOn], [ModifiedBy]) VALUES (N'e2568a63-511e-e411-91eb-00215e73190e', 1, N'Budget Items Spending for a Selected Category by Month', 1, N'Reports.Budgeting_ItemsInCategoryForDateRange', N'freebyESB.WebEngine.Track.Services.ReportHelpers.StandardBudgetReportHelper', '20140807 11:27:00.000', N'James', NULL, NULL)
END

IF NOT EXISTS (SELECT TOP 1 Id FROM freebyTrack.AccountTypes)
BEGIN
	INSERT INTO [freebyTrack].[AccountTypes] ([ID], [DisplayIndex], [DescriptionPlural], [DescriptionSingular], [PosLineItemShortDescription], [PosLineItemDescription], [NegLineItemShortDescription], [NegLineItemDescription], [CreatedOn], [CreatedBy], [ModifiedOn], [ModifiedBy]) VALUES (1, 0, N'Bank and Cash Accounts', N'Bank or Cash Account', N'Deposit', N'Deposit, Interest, or Credit', N'Withdrawl', N'Withdrawl, Service Fee, or Penalty', '20140425 23:16:00.000', N'James', NULL, NULL)
	INSERT INTO [freebyTrack].[AccountTypes] ([ID], [DisplayIndex], [DescriptionPlural], [DescriptionSingular], [PosLineItemShortDescription], [PosLineItemDescription], [NegLineItemShortDescription], [NegLineItemDescription], [CreatedOn], [CreatedBy], [ModifiedOn], [ModifiedBy]) VALUES (2, 1, N'Retirement Accounts', N'Retirement Account', N'Growth', N'Deposit or Account Growth', N'Loss', N'Service Fee, Account Loss, or Withdrawl', '20140425 23:16:00.000', N'James', NULL, NULL)
	INSERT INTO [freebyTrack].[AccountTypes] ([ID], [DisplayIndex], [DescriptionPlural], [DescriptionSingular], [PosLineItemShortDescription], [PosLineItemDescription], [NegLineItemShortDescription], [NegLineItemDescription], [CreatedOn], [CreatedBy], [ModifiedOn], [ModifiedBy]) VALUES (3, 4, N'Unsecured Credit Accounts', N'Unsecure Credit Account', N'Payment', N'Payment or Account Credit', N'Charge', N'Purchase, Interest, Service Fee or Penalty', '20140425 23:16:00.000', N'James', NULL, NULL)
	INSERT INTO [freebyTrack].[AccountTypes] ([ID], [DisplayIndex], [DescriptionPlural], [DescriptionSingular], [PosLineItemShortDescription], [PosLineItemDescription], [NegLineItemShortDescription], [NegLineItemDescription], [CreatedOn], [CreatedBy], [ModifiedOn], [ModifiedBy]) VALUES (4, 5, N'Secured Credit Accounts', N'Secure Credit Account', N'Payment', N'Payment or Account Credit', N'Charge', N'Interest, Service Fee or Penalty', '20140425 23:17:00.000', N'James', NULL, NULL)
	INSERT INTO [freebyTrack].[AccountTypes] ([ID], [DisplayIndex], [DescriptionPlural], [DescriptionSingular], [PosLineItemShortDescription], [PosLineItemDescription], [NegLineItemShortDescription], [NegLineItemDescription], [CreatedOn], [CreatedBy], [ModifiedOn], [ModifiedBy]) VALUES (5, 2, N'529 and Trust Accounts', N'529 and Trust Account', N'Growth', N'Deposit or Account Growth', N'Loss', N'Service Fee, Account Loss, or Withdrawl', '20180213 00:08:00.000', N'James', NULL, NULL)
	INSERT INTO [freebyTrack].[AccountTypes] ([ID], [DisplayIndex], [DescriptionPlural], [DescriptionSingular], [PosLineItemShortDescription], [PosLineItemDescription], [NegLineItemShortDescription], [NegLineItemDescription], [CreatedOn], [CreatedBy], [ModifiedOn], [ModifiedBy]) VALUES (6, 3, N'Cryptocurrency Accounts', N'Cryptocurrency Account', N'Growth', N'Deposit or Account Growth', N'Loss', N'Service Fee, Account Loss, Withdrawl', '20180213 00:09:00.000', N'James', NULL, NULL)
END
IF NOT EXISTS (SELECT TOP 1 Id FROM freebyTrack.AccountTemplates)
BEGIN
	INSERT INTO [freebyTrack].[AccountTemplates] ([ID], [TypeID], [Description], [OwnerID], [Icon], [IsIncomeAccount], [CreatedOn], [CreatedBy], [ModifiedOn], [ModifiedBy]) VALUES (N'0909a0e7-d2bd-e311-821b-00215e73190e', 2, N'401K or Roth Account', NULL, N'icon-bar-chart', 1, '20140406 16:32:00.000', N'James', NULL, NULL)
	INSERT INTO [freebyTrack].[AccountTemplates] ([ID], [TypeID], [Description], [OwnerID], [Icon], [IsIncomeAccount], [CreatedOn], [CreatedBy], [ModifiedOn], [ModifiedBy]) VALUES (N'1880f7bf-d2bd-e311-821b-00215e73190e', 1, N'Savings Account', NULL, N'icon-money', 1, '20140406 16:30:00.000', N'James', NULL, NULL)
	INSERT INTO [freebyTrack].[AccountTemplates] ([ID], [TypeID], [Description], [OwnerID], [Icon], [IsIncomeAccount], [CreatedOn], [CreatedBy], [ModifiedOn], [ModifiedBy]) VALUES (N'3a674b6d-46cf-e311-821b-00215e73190e', 4, N'Second Mortgage', NULL, N'icon-home', 0, '20140428 21:31:00.000', N'James', NULL, NULL)
	INSERT INTO [freebyTrack].[AccountTemplates] ([ID], [TypeID], [Description], [OwnerID], [Icon], [IsIncomeAccount], [CreatedOn], [CreatedBy], [ModifiedOn], [ModifiedBy]) VALUES (N'484c7f35-facc-e311-821b-00215e73190e', 3, N'Personal Loan', NULL, N'icon-meh', 0, '20140425 23:21:00.000', N'James', NULL, NULL)
	INSERT INTO [freebyTrack].[AccountTemplates] ([ID], [TypeID], [Description], [OwnerID], [Icon], [IsIncomeAccount], [CreatedOn], [CreatedBy], [ModifiedOn], [ModifiedBy]) VALUES (N'4dca38c7-8410-e811-80e2-00248c445d9c', 5, N'Trust Account', NULL, N'icon-bar-chart', 1, '20180213 00:11:00.000', N'James', NULL, NULL)
	INSERT INTO [freebyTrack].[AccountTemplates] ([ID], [TypeID], [Description], [OwnerID], [Icon], [IsIncomeAccount], [CreatedOn], [CreatedBy], [ModifiedOn], [ModifiedBy]) VALUES (N'8c69b15c-46cf-e311-821b-00215e73190e', 4, N'Mortgage', NULL, N'icon-home', 0, '20140428 21:31:00.000', N'James', NULL, NULL)
	INSERT INTO [freebyTrack].[AccountTemplates] ([ID], [TypeID], [Description], [OwnerID], [Icon], [IsIncomeAccount], [CreatedOn], [CreatedBy], [ModifiedOn], [ModifiedBy]) VALUES (N'8c9fac5d-47cf-e311-821b-00215e73190e', 4, N'Vehicle Loan', NULL, N'icon-truck', 0, '20140428 21:38:00.000', N'James', NULL, NULL)
	INSERT INTO [freebyTrack].[AccountTemplates] ([ID], [TypeID], [Description], [OwnerID], [Icon], [IsIncomeAccount], [CreatedOn], [CreatedBy], [ModifiedOn], [ModifiedBy]) VALUES (N'9745beb6-d2bd-e311-821b-00215e73190e', 1, N'Checking Account', NULL, N'icon-money', 1, '20140406 16:30:00.000', N'James', NULL, NULL)
	INSERT INTO [freebyTrack].[AccountTemplates] ([ID], [TypeID], [Description], [OwnerID], [Icon], [IsIncomeAccount], [CreatedOn], [CreatedBy], [ModifiedOn], [ModifiedBy]) VALUES (N'a48c27b5-8410-e811-80e2-00248c445d9c', 5, N'529 Account', NULL, N'icon-bar-chart', 1, '20180213 00:11:00.000', N'James', NULL, NULL)
	INSERT INTO [freebyTrack].[AccountTemplates] ([ID], [TypeID], [Description], [OwnerID], [Icon], [IsIncomeAccount], [CreatedOn], [CreatedBy], [ModifiedOn], [ModifiedBy]) VALUES (N'b2a4eaca-dcc9-e311-821b-00215e73190e', 1, N'Cash Account', NULL, N'icon-usd', 1, '20140422 00:12:00.000', N'James', NULL, NULL)
	INSERT INTO [freebyTrack].[AccountTemplates] ([ID], [TypeID], [Description], [OwnerID], [Icon], [IsIncomeAccount], [CreatedOn], [CreatedBy], [ModifiedOn], [ModifiedBy]) VALUES (N'c204b4e5-46cf-e311-821b-00215e73190e', 4, N'Student Loan', NULL, N'icon-book', 0, '20140428 21:35:00.000', N'James', NULL, NULL)
	INSERT INTO [freebyTrack].[AccountTemplates] ([ID], [TypeID], [Description], [OwnerID], [Icon], [IsIncomeAccount], [CreatedOn], [CreatedBy], [ModifiedOn], [ModifiedBy]) VALUES (N'cddabd8a-22cc-e311-821b-00215e73190e', 3, N'Credit Card Account', NULL, N'icon-credit-card', 0, '20140424 21:37:00.000', N'James', NULL, NULL)
	INSERT INTO [freebyTrack].[AccountTemplates] ([ID], [TypeID], [Description], [OwnerID], [Icon], [IsIncomeAccount], [CreatedOn], [CreatedBy], [ModifiedOn], [ModifiedBy]) VALUES (N'd235d08d-46cf-e311-821b-00215e73190e', 4, N'Home Equity Loan', NULL, N'icon-home', 0, '20140428 21:32:00.000', N'James', NULL, NULL)
	INSERT INTO [freebyTrack].[AccountTemplates] ([ID], [TypeID], [Description], [OwnerID], [Icon], [IsIncomeAccount], [CreatedOn], [CreatedBy], [ModifiedOn], [ModifiedBy]) VALUES (N'fcdb9fd9-8410-e811-80e2-00248c445d9c', 6, N'Crypto Account', NULL, N'icon-usd', 1, '20180213 00:12:00.000', N'James', NULL, NULL)
END
IF NOT EXISTS (SELECT TOP 1 Id FROM freebyTrack.AccountCategoryTemplates)
BEGIN
	INSERT INTO [freebyTrack].[AccountCategoryTemplates] ([ID], [AccountTemplateID], [Description], [IsDefault], [OwnerID], [Icon], [BackgroundColor], [CreatedOn], [CreatedBy], [ModifiedOn], [ModifiedBy]) VALUES (N'02165e6c-d5bd-e311-821b-00215e73190e', N'1880f7bf-d2bd-e311-821b-00215e73190e', N'Large Purchase Fund', 0, NULL, N'icon-shopping-cart', N'#FF0080  ', '20140406 16:50:00.000', N'James', NULL, NULL)
	INSERT INTO [freebyTrack].[AccountCategoryTemplates] ([ID], [AccountTemplateID], [Description], [IsDefault], [OwnerID], [Icon], [BackgroundColor], [CreatedOn], [CreatedBy], [ModifiedOn], [ModifiedBy]) VALUES (N'093bf307-23cc-e311-821b-00215e73190e', N'cddabd8a-22cc-e311-821b-00215e73190e', N'Transaction History', 1, NULL, N'icon-calendar', N'#000000  ', '20140424 21:40:00.000', N'James', NULL, NULL)
	INSERT INTO [freebyTrack].[AccountCategoryTemplates] ([ID], [AccountTemplateID], [Description], [IsDefault], [OwnerID], [Icon], [BackgroundColor], [CreatedOn], [CreatedBy], [ModifiedOn], [ModifiedBy]) VALUES (N'101e8e7e-d4bd-e311-821b-00215e73190e', N'9745beb6-d2bd-e311-821b-00215e73190e', N'Large Purchase Fund', 0, NULL, N'icon-shopping-cart', N'#FF0080  ', '20140406 16:43:00.000', N'James', NULL, NULL)
	INSERT INTO [freebyTrack].[AccountCategoryTemplates] ([ID], [AccountTemplateID], [Description], [IsDefault], [OwnerID], [Icon], [BackgroundColor], [CreatedOn], [CreatedBy], [ModifiedOn], [ModifiedBy]) VALUES (N'227ce194-d5bd-e311-821b-00215e73190e', N'1880f7bf-d2bd-e311-821b-00215e73190e', N'Misc. Category', 0, NULL, N'icon-star', N'#00FFFF  ', '20140406 16:51:00.000', N'James', NULL, NULL)
	INSERT INTO [freebyTrack].[AccountCategoryTemplates] ([ID], [AccountTemplateID], [Description], [IsDefault], [OwnerID], [Icon], [BackgroundColor], [CreatedOn], [CreatedBy], [ModifiedOn], [ModifiedBy]) VALUES (N'22ac5d7f-d5bd-e311-821b-00215e73190e', N'1880f7bf-d2bd-e311-821b-00215e73190e', N'Vacation Fund', 0, NULL, N'icon-suitcase', N'#00FF00  ', '20140406 16:50:00.000', N'James', NULL, NULL)
	INSERT INTO [freebyTrack].[AccountCategoryTemplates] ([ID], [AccountTemplateID], [Description], [IsDefault], [OwnerID], [Icon], [BackgroundColor], [CreatedOn], [CreatedBy], [ModifiedOn], [ModifiedBy]) VALUES (N'27617d0b-ddc9-e311-821b-00215e73190e', N'b2a4eaca-dcc9-e311-821b-00215e73190e', N'Emergency Fund', 0, NULL, N'icon-ambulance', N'#0000FF  ', '20140422 00:14:00.000', N'James', NULL, NULL)
	INSERT INTO [freebyTrack].[AccountCategoryTemplates] ([ID], [AccountTemplateID], [Description], [IsDefault], [OwnerID], [Icon], [BackgroundColor], [CreatedOn], [CreatedBy], [ModifiedOn], [ModifiedBy]) VALUES (N'330239f9-dcc9-e311-821b-00215e73190e', N'b2a4eaca-dcc9-e311-821b-00215e73190e', N'General Fund', 1, NULL, N'icon-usd', N'#FFFF00  ', '20140422 00:14:00.000', N'James', NULL, NULL)
	INSERT INTO [freebyTrack].[AccountCategoryTemplates] ([ID], [AccountTemplateID], [Description], [IsDefault], [OwnerID], [Icon], [BackgroundColor], [CreatedOn], [CreatedBy], [ModifiedOn], [ModifiedBy]) VALUES (N'42fbcd54-d5bd-e311-821b-00215e73190e', N'1880f7bf-d2bd-e311-821b-00215e73190e', N'Emergency Fund', 0, NULL, N'icon-ambulance', N'#0000FF  ', '20140406 16:49:00.000', N'James', NULL, NULL)
	INSERT INTO [freebyTrack].[AccountCategoryTemplates] ([ID], [AccountTemplateID], [Description], [IsDefault], [OwnerID], [Icon], [BackgroundColor], [CreatedOn], [CreatedBy], [ModifiedOn], [ModifiedBy]) VALUES (N'46a5b622-ddc9-e311-821b-00215e73190e', N'b2a4eaca-dcc9-e311-821b-00215e73190e', N'Large Purchase Fund', 0, NULL, N'icon-shopping-cart', N'#FF0080  ', '20140422 00:15:00.000', N'James', NULL, NULL)
	INSERT INTO [freebyTrack].[AccountCategoryTemplates] ([ID], [AccountTemplateID], [Description], [IsDefault], [OwnerID], [Icon], [BackgroundColor], [CreatedOn], [CreatedBy], [ModifiedOn], [ModifiedBy]) VALUES (N'527be313-d5bd-e311-821b-00215e73190e', N'9745beb6-d2bd-e311-821b-00215e73190e', N'Misc. Category', 0, NULL, N'icon-star', N'#00FFFF  ', '20140406 16:47:00.000', N'James', NULL, NULL)
	INSERT INTO [freebyTrack].[AccountCategoryTemplates] ([ID], [AccountTemplateID], [Description], [IsDefault], [OwnerID], [Icon], [BackgroundColor], [CreatedOn], [CreatedBy], [ModifiedOn], [ModifiedBy]) VALUES (N'53f2ac5a-8510-e811-80e2-00248c445d9c', N'a48c27b5-8410-e811-80e2-00248c445d9c', N'College Fund', 1, NULL, N'icon-bar-chart', N'#000000  ', '20180213 00:15:00.000', N'James', NULL, NULL)
	INSERT INTO [freebyTrack].[AccountCategoryTemplates] ([ID], [AccountTemplateID], [Description], [IsDefault], [OwnerID], [Icon], [BackgroundColor], [CreatedOn], [CreatedBy], [ModifiedOn], [ModifiedBy]) VALUES (N'7c66df4a-93e9-e311-821b-00215e73190e', N'1880f7bf-d2bd-e311-821b-00215e73190e', N'Child Savings Fund', 0, NULL, N'icon-money', N'#000000  ', '20140601 08:47:00.000', N'James', NULL, NULL)
	INSERT INTO [freebyTrack].[AccountCategoryTemplates] ([ID], [AccountTemplateID], [Description], [IsDefault], [OwnerID], [Icon], [BackgroundColor], [CreatedOn], [CreatedBy], [ModifiedOn], [ModifiedBy]) VALUES (N'7d163323-d9bd-e311-821b-00215e73190e', N'1880f7bf-d2bd-e311-821b-00215e73190e', N'Yearly Payment Fund', 0, NULL, N'icon-star', N'#FF9999  ', '20140406 17:16:00.000', N'James', NULL, NULL)
	INSERT INTO [freebyTrack].[AccountCategoryTemplates] ([ID], [AccountTemplateID], [Description], [IsDefault], [OwnerID], [Icon], [BackgroundColor], [CreatedOn], [CreatedBy], [ModifiedOn], [ModifiedBy]) VALUES (N'7f23f5b4-d4bd-e311-821b-00215e73190e', N'9745beb6-d2bd-e311-821b-00215e73190e', N'Vacation Fund', 0, NULL, N'icon-suitcase', N'#00FF00  ', '20140406 16:44:00.000', N'James', NULL, NULL)
	INSERT INTO [freebyTrack].[AccountCategoryTemplates] ([ID], [AccountTemplateID], [Description], [IsDefault], [OwnerID], [Icon], [BackgroundColor], [CreatedOn], [CreatedBy], [ModifiedOn], [ModifiedBy]) VALUES (N'88d62bfe-d8bd-e311-821b-00215e73190e', N'1880f7bf-d2bd-e311-821b-00215e73190e', N'Quarterly Payment Fund', 0, NULL, N'icon-star', N'#A4A4A4  ', '20140406 17:15:00.000', N'James', NULL, NULL)
	INSERT INTO [freebyTrack].[AccountCategoryTemplates] ([ID], [AccountTemplateID], [Description], [IsDefault], [OwnerID], [Icon], [BackgroundColor], [CreatedOn], [CreatedBy], [ModifiedOn], [ModifiedBy]) VALUES (N'9d091e73-9ecf-e311-821b-00215e73190e', N'484c7f35-facc-e311-821b-00215e73190e', N'Transaction History', 1, NULL, N'icon-money', N'#000000  ', '20140429 08:00:00.000', N'James', NULL, NULL)
	INSERT INTO [freebyTrack].[AccountCategoryTemplates] ([ID], [AccountTemplateID], [Description], [IsDefault], [OwnerID], [Icon], [BackgroundColor], [CreatedOn], [CreatedBy], [ModifiedOn], [ModifiedBy]) VALUES (N'9dd5abfe-47cf-e311-821b-00215e73190e', N'c204b4e5-46cf-e311-821b-00215e73190e', N'Transaction History', 1, NULL, N'icon-money', N'#000000  ', '20140428 21:43:00.000', N'James', NULL, NULL)
	INSERT INTO [freebyTrack].[AccountCategoryTemplates] ([ID], [AccountTemplateID], [Description], [IsDefault], [OwnerID], [Icon], [BackgroundColor], [CreatedOn], [CreatedBy], [ModifiedOn], [ModifiedBy]) VALUES (N'a2b8333b-d5bd-e311-821b-00215e73190e', N'1880f7bf-d2bd-e311-821b-00215e73190e', N'General Fund', 1, NULL, N'icon-money', N'#FFFF00  ', '20140406 16:48:00.000', N'James', NULL, NULL)
	INSERT INTO [freebyTrack].[AccountCategoryTemplates] ([ID], [AccountTemplateID], [Description], [IsDefault], [OwnerID], [Icon], [BackgroundColor], [CreatedOn], [CreatedBy], [ModifiedOn], [ModifiedBy]) VALUES (N'a761ac0f-48cf-e311-821b-00215e73190e', N'8c9fac5d-47cf-e311-821b-00215e73190e', N'Transaction History', 1, NULL, N'icon-money', N'#000000  ', '20140428 21:43:00.000', N'James', NULL, NULL)
	INSERT INTO [freebyTrack].[AccountCategoryTemplates] ([ID], [AccountTemplateID], [Description], [IsDefault], [OwnerID], [Icon], [BackgroundColor], [CreatedOn], [CreatedBy], [ModifiedOn], [ModifiedBy]) VALUES (N'b048b4d2-47cf-e311-821b-00215e73190e', N'3a674b6d-46cf-e311-821b-00215e73190e', N'Transaction History', 1, NULL, N'icon-money', N'#000000  ', '20140428 21:41:00.000', N'James', NULL, NULL)
	INSERT INTO [freebyTrack].[AccountCategoryTemplates] ([ID], [AccountTemplateID], [Description], [IsDefault], [OwnerID], [Icon], [BackgroundColor], [CreatedOn], [CreatedBy], [ModifiedOn], [ModifiedBy]) VALUES (N'ba4ddc54-d9bd-e311-821b-00215e73190e', N'0909a0e7-d2bd-e311-821b-00215e73190e', N'General Fund', 1, NULL, N'icon-bar-chart', N'#FFFF00  ', '20140406 17:18:00.000', N'James', NULL, NULL)
	INSERT INTO [freebyTrack].[AccountCategoryTemplates] ([ID], [AccountTemplateID], [Description], [IsDefault], [OwnerID], [Icon], [BackgroundColor], [CreatedOn], [CreatedBy], [ModifiedOn], [ModifiedBy]) VALUES (N'c25b6f4f-d6bd-e311-821b-00215e73190e', N'1880f7bf-d2bd-e311-821b-00215e73190e', N'Property Tax Fund', 0, NULL, N'icon-home', N'#FF0040  ', '20140406 16:56:00.000', N'James', NULL, NULL)
	INSERT INTO [freebyTrack].[AccountCategoryTemplates] ([ID], [AccountTemplateID], [Description], [IsDefault], [OwnerID], [Icon], [BackgroundColor], [CreatedOn], [CreatedBy], [ModifiedOn], [ModifiedBy]) VALUES (N'dbaf8cbf-47cf-e311-821b-00215e73190e', N'8c69b15c-46cf-e311-821b-00215e73190e', N'Transaction History', 1, NULL, N'icon-money', N'#000000  ', '20140428 21:41:00.000', N'James', NULL, NULL)
	INSERT INTO [freebyTrack].[AccountCategoryTemplates] ([ID], [AccountTemplateID], [Description], [IsDefault], [OwnerID], [Icon], [BackgroundColor], [CreatedOn], [CreatedBy], [ModifiedOn], [ModifiedBy]) VALUES (N'e15af89c-d3bd-e311-821b-00215e73190e', N'9745beb6-d2bd-e311-821b-00215e73190e', N'General Fund', 1, NULL, N'icon-money', N'#FFFF00  ', '20140406 16:30:00.000', N'James', NULL, NULL)
	INSERT INTO [freebyTrack].[AccountCategoryTemplates] ([ID], [AccountTemplateID], [Description], [IsDefault], [OwnerID], [Icon], [BackgroundColor], [CreatedOn], [CreatedBy], [ModifiedOn], [ModifiedBy]) VALUES (N'e2b9fee8-47cf-e311-821b-00215e73190e', N'd235d08d-46cf-e311-821b-00215e73190e', N'Transaction History', 1, NULL, N'icon-money', N'#000000  ', '20140428 21:42:00.000', N'James', NULL, NULL)
	INSERT INTO [freebyTrack].[AccountCategoryTemplates] ([ID], [AccountTemplateID], [Description], [IsDefault], [OwnerID], [Icon], [BackgroundColor], [CreatedOn], [CreatedBy], [ModifiedOn], [ModifiedBy]) VALUES (N'e39ccd88-8510-e811-80e2-00248c445d9c', N'fcdb9fd9-8410-e811-80e2-00248c445d9c', N'General Fund', 1, NULL, N'icon-money', N'#000000  ', '20180213 00:17:00.000', N'James', NULL, NULL)
	INSERT INTO [freebyTrack].[AccountCategoryTemplates] ([ID], [AccountTemplateID], [Description], [IsDefault], [OwnerID], [Icon], [BackgroundColor], [CreatedOn], [CreatedBy], [ModifiedOn], [ModifiedBy]) VALUES (N'e3f52a6e-8510-e811-80e2-00248c445d9c', N'4dca38c7-8410-e811-80e2-00248c445d9c', N'Trust Fund', 0, NULL, N'icon-bar-chart', N'#000000  ', '20180213 00:16:00.000', N'James', NULL, NULL)
	INSERT INTO [freebyTrack].[AccountCategoryTemplates] ([ID], [AccountTemplateID], [Description], [IsDefault], [OwnerID], [Icon], [BackgroundColor], [CreatedOn], [CreatedBy], [ModifiedOn], [ModifiedBy]) VALUES (N'f55d1c16-d4bd-e311-821b-00215e73190e', N'9745beb6-d2bd-e311-821b-00215e73190e', N'Emergency Fund', 0, NULL, N'icon-ambulance', N'#0000FF  ', '20140406 16:40:00.000', N'James', NULL, NULL)
END
IF NOT EXISTS (SELECT TOP 1 Id FROM freebyTrack.AccountActualTemplates)
BEGIN
	INSERT INTO [freebyTrack].[AccountActualTemplates] ([ID], [AccountTemplateID], [Description], [IsDeposit], [IsDefault], [AllowRecurringAmount], [AllowRecurringPercent], [AllowRecurringDay], [OwnerID], [CreatedOn], [CreatedBy], [ModifiedOn], [ModifiedBy]) VALUES (N'0c9aa5b9-16d0-e311-821b-00215e73190e', N'3a674b6d-46cf-e311-821b-00215e73190e', N'Initial Loan Amount', 0, 0, 0, 0, NULL, NULL, '20140429 22:22:00.000', N'James', NULL, NULL)
	INSERT INTO [freebyTrack].[AccountActualTemplates] ([ID], [AccountTemplateID], [Description], [IsDeposit], [IsDefault], [AllowRecurringAmount], [AllowRecurringPercent], [AllowRecurringDay], [OwnerID], [CreatedOn], [CreatedBy], [ModifiedOn], [ModifiedBy]) VALUES (N'13f7818d-bcc0-e311-821b-00215e73190e', N'0909a0e7-d2bd-e311-821b-00215e73190e', N'Misc. Negative Adjustment', 0, 0, 0, 0, NULL, NULL, '20140410 09:29:00.000', N'James', NULL, NULL)
	INSERT INTO [freebyTrack].[AccountActualTemplates] ([ID], [AccountTemplateID], [Description], [IsDeposit], [IsDefault], [AllowRecurringAmount], [AllowRecurringPercent], [AllowRecurringDay], [OwnerID], [CreatedOn], [CreatedBy], [ModifiedOn], [ModifiedBy]) VALUES (N'15363360-23cc-e311-821b-00215e73190e', N'cddabd8a-22cc-e311-821b-00215e73190e', N'Misc. Positive Adjustment', 1, 1, 0, 0, NULL, NULL, '20140424 11:43:00.000', N'James', NULL, NULL)
	INSERT INTO [freebyTrack].[AccountActualTemplates] ([ID], [AccountTemplateID], [Description], [IsDeposit], [IsDefault], [AllowRecurringAmount], [AllowRecurringPercent], [AllowRecurringDay], [OwnerID], [CreatedOn], [CreatedBy], [ModifiedOn], [ModifiedBy]) VALUES (N'17ab8324-23cc-e311-821b-00215e73190e', N'cddabd8a-22cc-e311-821b-00215e73190e', N'Payment', 1, 1, 1, 0, NULL, NULL, '20140424 21:41:00.000', N'James', NULL, NULL)
	INSERT INTO [freebyTrack].[AccountActualTemplates] ([ID], [AccountTemplateID], [Description], [IsDeposit], [IsDefault], [AllowRecurringAmount], [AllowRecurringPercent], [AllowRecurringDay], [OwnerID], [CreatedOn], [CreatedBy], [ModifiedOn], [ModifiedBy]) VALUES (N'1df8a88b-eec0-e311-821b-00215e73190e', N'1880f7bf-d2bd-e311-821b-00215e73190e', N'Misc. Negative Adjustment', 0, 0, 0, 0, NULL, NULL, '20140410 15:27:00.000', N'James', NULL, NULL)
	INSERT INTO [freebyTrack].[AccountActualTemplates] ([ID], [AccountTemplateID], [Description], [IsDeposit], [IsDefault], [AllowRecurringAmount], [AllowRecurringPercent], [AllowRecurringDay], [OwnerID], [CreatedOn], [CreatedBy], [ModifiedOn], [ModifiedBy]) VALUES (N'25bc2dc3-7bce-e311-821b-00215e73190e', N'1880f7bf-d2bd-e311-821b-00215e73190e', N'Refund or Credit', 1, 0, 0, 0, NULL, NULL, '20140427 21:21:00.000', N'James', NULL, NULL)
	INSERT INTO [freebyTrack].[AccountActualTemplates] ([ID], [AccountTemplateID], [Description], [IsDeposit], [IsDefault], [AllowRecurringAmount], [AllowRecurringPercent], [AllowRecurringDay], [OwnerID], [CreatedOn], [CreatedBy], [ModifiedOn], [ModifiedBy]) VALUES (N'2640251a-4ccf-e311-821b-00215e73190e', N'8c69b15c-46cf-e311-821b-00215e73190e', N'Escrow', 0, 0, 1, 0, NULL, NULL, '20140428 22:12:00.000', N'James', NULL, NULL)
	INSERT INTO [freebyTrack].[AccountActualTemplates] ([ID], [AccountTemplateID], [Description], [IsDeposit], [IsDefault], [AllowRecurringAmount], [AllowRecurringPercent], [AllowRecurringDay], [OwnerID], [CreatedOn], [CreatedBy], [ModifiedOn], [ModifiedBy]) VALUES (N'2900fdac-d9bd-e311-821b-00215e73190e', N'9745beb6-d2bd-e311-821b-00215e73190e', N'Deposit', 1, 1, 1, 0, NULL, NULL, '20140406 17:20:00.000', N'James', NULL, NULL)
	INSERT INTO [freebyTrack].[AccountActualTemplates] ([ID], [AccountTemplateID], [Description], [IsDeposit], [IsDefault], [AllowRecurringAmount], [AllowRecurringPercent], [AllowRecurringDay], [OwnerID], [CreatedOn], [CreatedBy], [ModifiedOn], [ModifiedBy]) VALUES (N'2c73419c-8610-e811-80e2-00248c445d9c', N'a48c27b5-8410-e811-80e2-00248c445d9c', N'Withdrawl', 0, 1, 1, 0, NULL, NULL, '20140406 17:22:00.000', N'James', NULL, NULL)
	INSERT INTO [freebyTrack].[AccountActualTemplates] ([ID], [AccountTemplateID], [Description], [IsDeposit], [IsDefault], [AllowRecurringAmount], [AllowRecurringPercent], [AllowRecurringDay], [OwnerID], [CreatedOn], [CreatedBy], [ModifiedOn], [ModifiedBy]) VALUES (N'2d73419c-8610-e811-80e2-00248c445d9c', N'a48c27b5-8410-e811-80e2-00248c445d9c', N'Deposit', 1, 1, 1, 0, NULL, NULL, '20140406 17:22:00.000', N'James', NULL, NULL)
	INSERT INTO [freebyTrack].[AccountActualTemplates] ([ID], [AccountTemplateID], [Description], [IsDeposit], [IsDefault], [AllowRecurringAmount], [AllowRecurringPercent], [AllowRecurringDay], [OwnerID], [CreatedOn], [CreatedBy], [ModifiedOn], [ModifiedBy]) VALUES (N'2e73419c-8610-e811-80e2-00248c445d9c', N'a48c27b5-8410-e811-80e2-00248c445d9c', N'Misc. Positive Adjustment', 1, 1, 0, 0, NULL, NULL, '20140410 09:29:00.000', N'James', NULL, NULL)
	INSERT INTO [freebyTrack].[AccountActualTemplates] ([ID], [AccountTemplateID], [Description], [IsDeposit], [IsDefault], [AllowRecurringAmount], [AllowRecurringPercent], [AllowRecurringDay], [OwnerID], [CreatedOn], [CreatedBy], [ModifiedOn], [ModifiedBy]) VALUES (N'2f36781c-9fcf-e311-821b-00215e73190e', N'd235d08d-46cf-e311-821b-00215e73190e', N'Adding to Loan Amount', 0, 0, 0, 0, NULL, NULL, '20140429 08:06:00.000', N'James', NULL, NULL)
	INSERT INTO [freebyTrack].[AccountActualTemplates] ([ID], [AccountTemplateID], [Description], [IsDeposit], [IsDefault], [AllowRecurringAmount], [AllowRecurringPercent], [AllowRecurringDay], [OwnerID], [CreatedOn], [CreatedBy], [ModifiedOn], [ModifiedBy]) VALUES (N'2f5ea06c-ddc9-e311-821b-00215e73190e', N'b2a4eaca-dcc9-e311-821b-00215e73190e', N'Misc. Negative Adjustment', 0, 0, 0, 0, NULL, NULL, '20140422 00:17:00.000', N'James', NULL, NULL)
	INSERT INTO [freebyTrack].[AccountActualTemplates] ([ID], [AccountTemplateID], [Description], [IsDeposit], [IsDefault], [AllowRecurringAmount], [AllowRecurringPercent], [AllowRecurringDay], [OwnerID], [CreatedOn], [CreatedBy], [ModifiedOn], [ModifiedBy]) VALUES (N'2f73419c-8610-e811-80e2-00248c445d9c', N'a48c27b5-8410-e811-80e2-00248c445d9c', N'Misc. Negative Adjustment', 0, 0, 0, 0, NULL, NULL, '20140410 09:29:00.000', N'James', NULL, NULL)
	INSERT INTO [freebyTrack].[AccountActualTemplates] ([ID], [AccountTemplateID], [Description], [IsDeposit], [IsDefault], [AllowRecurringAmount], [AllowRecurringPercent], [AllowRecurringDay], [OwnerID], [CreatedOn], [CreatedBy], [ModifiedOn], [ModifiedBy]) VALUES (N'305a9ecc-8610-e811-80e2-00248c445d9c', N'fcdb9fd9-8410-e811-80e2-00248c445d9c', N'Withdrawl', 0, 1, 1, 0, NULL, NULL, '20140406 17:20:00.000', N'James', NULL, NULL)
	INSERT INTO [freebyTrack].[AccountActualTemplates] ([ID], [AccountTemplateID], [Description], [IsDeposit], [IsDefault], [AllowRecurringAmount], [AllowRecurringPercent], [AllowRecurringDay], [OwnerID], [CreatedOn], [CreatedBy], [ModifiedOn], [ModifiedBy]) VALUES (N'3073419c-8610-e811-80e2-00248c445d9c', N'a48c27b5-8410-e811-80e2-00248c445d9c', N'Account Growth', 1, 0, 0, 0, NULL, NULL, '20140424 21:46:00.000', N'James', NULL, NULL)
	INSERT INTO [freebyTrack].[AccountActualTemplates] ([ID], [AccountTemplateID], [Description], [IsDeposit], [IsDefault], [AllowRecurringAmount], [AllowRecurringPercent], [AllowRecurringDay], [OwnerID], [CreatedOn], [CreatedBy], [ModifiedOn], [ModifiedBy]) VALUES (N'315a9ecc-8610-e811-80e2-00248c445d9c', N'fcdb9fd9-8410-e811-80e2-00248c445d9c', N'Deposit', 1, 1, 1, 0, NULL, NULL, '20140406 17:50:00.000', N'James', NULL, NULL)
	INSERT INTO [freebyTrack].[AccountActualTemplates] ([ID], [AccountTemplateID], [Description], [IsDeposit], [IsDefault], [AllowRecurringAmount], [AllowRecurringPercent], [AllowRecurringDay], [OwnerID], [CreatedOn], [CreatedBy], [ModifiedOn], [ModifiedBy]) VALUES (N'3173419c-8610-e811-80e2-00248c445d9c', N'a48c27b5-8410-e811-80e2-00248c445d9c', N'Account Loss', 0, 0, 0, 0, NULL, NULL, '20140424 21:46:00.000', N'James', NULL, NULL)
	INSERT INTO [freebyTrack].[AccountActualTemplates] ([ID], [AccountTemplateID], [Description], [IsDeposit], [IsDefault], [AllowRecurringAmount], [AllowRecurringPercent], [AllowRecurringDay], [OwnerID], [CreatedOn], [CreatedBy], [ModifiedOn], [ModifiedBy]) VALUES (N'325a9ecc-8610-e811-80e2-00248c445d9c', N'fcdb9fd9-8410-e811-80e2-00248c445d9c', N'Misc. Positive Adjustment', 1, 1, 0, 0, NULL, NULL, '20140410 09:13:00.000', N'James', NULL, NULL)
	INSERT INTO [freebyTrack].[AccountActualTemplates] ([ID], [AccountTemplateID], [Description], [IsDeposit], [IsDefault], [AllowRecurringAmount], [AllowRecurringPercent], [AllowRecurringDay], [OwnerID], [CreatedOn], [CreatedBy], [ModifiedOn], [ModifiedBy]) VALUES (N'335a9ecc-8610-e811-80e2-00248c445d9c', N'fcdb9fd9-8410-e811-80e2-00248c445d9c', N'Misc. Negative Adjustment', 0, 0, 0, 0, NULL, NULL, '20140410 15:27:00.000', N'James', NULL, NULL)
	INSERT INTO [freebyTrack].[AccountActualTemplates] ([ID], [AccountTemplateID], [Description], [IsDeposit], [IsDefault], [AllowRecurringAmount], [AllowRecurringPercent], [AllowRecurringDay], [OwnerID], [CreatedOn], [CreatedBy], [ModifiedOn], [ModifiedBy]) VALUES (N'345a9ecc-8610-e811-80e2-00248c445d9c', N'fcdb9fd9-8410-e811-80e2-00248c445d9c', N'Interest', 1, 0, 0, 1, NULL, NULL, '20140424 21:43:00.000', N'James', NULL, NULL)
	INSERT INTO [freebyTrack].[AccountActualTemplates] ([ID], [AccountTemplateID], [Description], [IsDeposit], [IsDefault], [AllowRecurringAmount], [AllowRecurringPercent], [AllowRecurringDay], [OwnerID], [CreatedOn], [CreatedBy], [ModifiedOn], [ModifiedBy]) VALUES (N'355a9ecc-8610-e811-80e2-00248c445d9c', N'fcdb9fd9-8410-e811-80e2-00248c445d9c', N'Refund or Credit', 1, 0, 0, 0, NULL, NULL, '20140427 21:21:00.000', N'James', NULL, NULL)
	INSERT INTO [freebyTrack].[AccountActualTemplates] ([ID], [AccountTemplateID], [Description], [IsDeposit], [IsDefault], [AllowRecurringAmount], [AllowRecurringPercent], [AllowRecurringDay], [OwnerID], [CreatedOn], [CreatedBy], [ModifiedOn], [ModifiedBy]) VALUES (N'38f75b84-23cc-e311-821b-00215e73190e', N'9745beb6-d2bd-e311-821b-00215e73190e', N'Interest', 1, 0, 0, 1, NULL, NULL, '20140424 21:44:00.000', N'James', NULL, NULL)
	INSERT INTO [freebyTrack].[AccountActualTemplates] ([ID], [AccountTemplateID], [Description], [IsDeposit], [IsDefault], [AllowRecurringAmount], [AllowRecurringPercent], [AllowRecurringDay], [OwnerID], [CreatedOn], [CreatedBy], [ModifiedOn], [ModifiedBy]) VALUES (N'3edbc9c3-23cc-e311-821b-00215e73190e', N'0909a0e7-d2bd-e311-821b-00215e73190e', N'Account Growth', 1, 0, 0, 0, NULL, NULL, '20140424 21:46:00.000', N'James', NULL, NULL)
	INSERT INTO [freebyTrack].[AccountActualTemplates] ([ID], [AccountTemplateID], [Description], [IsDeposit], [IsDefault], [AllowRecurringAmount], [AllowRecurringPercent], [AllowRecurringDay], [OwnerID], [CreatedOn], [CreatedBy], [ModifiedOn], [ModifiedBy]) VALUES (N'41086db7-8209-e411-a717-00215e73190e', N'8c69b15c-46cf-e311-821b-00215e73190e', N'Current Loan Amount', 0, 0, 0, 0, NULL, NULL, '20140712 00:08:00.000', N'James', NULL, NULL)
	INSERT INTO [freebyTrack].[AccountActualTemplates] ([ID], [AccountTemplateID], [Description], [IsDeposit], [IsDefault], [AllowRecurringAmount], [AllowRecurringPercent], [AllowRecurringDay], [OwnerID], [CreatedOn], [CreatedBy], [ModifiedOn], [ModifiedBy]) VALUES (N'42bb70b1-23cc-e311-821b-00215e73190e', N'1880f7bf-d2bd-e311-821b-00215e73190e', N'Interest', 1, 0, 0, 1, NULL, NULL, '20140424 21:43:00.000', N'James', NULL, NULL)
	INSERT INTO [freebyTrack].[AccountActualTemplates] ([ID], [AccountTemplateID], [Description], [IsDeposit], [IsDefault], [AllowRecurringAmount], [AllowRecurringPercent], [AllowRecurringDay], [OwnerID], [CreatedOn], [CreatedBy], [ModifiedOn], [ModifiedBy]) VALUES (N'507e8410-bac0-e311-821b-00215e73190e', N'9745beb6-d2bd-e311-821b-00215e73190e', N'Misc. Positive Adjustment', 1, 1, 0, 0, NULL, NULL, '20140410 09:11:00.000', N'James', NULL, NULL)
	INSERT INTO [freebyTrack].[AccountActualTemplates] ([ID], [AccountTemplateID], [Description], [IsDeposit], [IsDefault], [AllowRecurringAmount], [AllowRecurringPercent], [AllowRecurringDay], [OwnerID], [CreatedOn], [CreatedBy], [ModifiedOn], [ModifiedBy]) VALUES (N'51912be2-8209-e411-a717-00215e73190e', N'c204b4e5-46cf-e311-821b-00215e73190e', N'Current Loan Amount', 0, 0, 0, 0, NULL, NULL, '20140712 00:08:00.000', N'James', NULL, NULL)
	INSERT INTO [freebyTrack].[AccountActualTemplates] ([ID], [AccountTemplateID], [Description], [IsDeposit], [IsDefault], [AllowRecurringAmount], [AllowRecurringPercent], [AllowRecurringDay], [OwnerID], [CreatedOn], [CreatedBy], [ModifiedOn], [ModifiedBy]) VALUES (N'618baec3-8209-e411-a717-00215e73190e', N'484c7f35-facc-e311-821b-00215e73190e', N'Current Loan Amount', 0, 0, 0, 0, NULL, NULL, '20140712 00:08:00.000', N'James', NULL, NULL)
	INSERT INTO [freebyTrack].[AccountActualTemplates] ([ID], [AccountTemplateID], [Description], [IsDeposit], [IsDefault], [AllowRecurringAmount], [AllowRecurringPercent], [AllowRecurringDay], [OwnerID], [CreatedOn], [CreatedBy], [ModifiedOn], [ModifiedBy]) VALUES (N'63485281-16d0-e311-821b-00215e73190e', N'd235d08d-46cf-e311-821b-00215e73190e', N'Initial Loan Amount', 0, 0, 0, 0, NULL, NULL, '20140429 22:21:00.000', N'James', NULL, NULL)
	INSERT INTO [freebyTrack].[AccountActualTemplates] ([ID], [AccountTemplateID], [Description], [IsDeposit], [IsDefault], [AllowRecurringAmount], [AllowRecurringPercent], [AllowRecurringDay], [OwnerID], [CreatedOn], [CreatedBy], [ModifiedOn], [ModifiedBy]) VALUES (N'648521ce-23cc-e311-821b-00215e73190e', N'0909a0e7-d2bd-e311-821b-00215e73190e', N'Account Loss', 0, 0, 0, 0, NULL, NULL, '20140424 21:46:00.000', N'James', NULL, NULL)
	INSERT INTO [freebyTrack].[AccountActualTemplates] ([ID], [AccountTemplateID], [Description], [IsDeposit], [IsDefault], [AllowRecurringAmount], [AllowRecurringPercent], [AllowRecurringDay], [OwnerID], [CreatedOn], [CreatedBy], [ModifiedOn], [ModifiedBy]) VALUES (N'6517d745-ddc9-e311-821b-00215e73190e', N'b2a4eaca-dcc9-e311-821b-00215e73190e', N'Withdrawl', 0, 1, 1, 0, NULL, NULL, '20140422 00:16:00.000', N'James', NULL, NULL)
	INSERT INTO [freebyTrack].[AccountActualTemplates] ([ID], [AccountTemplateID], [Description], [IsDeposit], [IsDefault], [AllowRecurringAmount], [AllowRecurringPercent], [AllowRecurringDay], [OwnerID], [CreatedOn], [CreatedBy], [ModifiedOn], [ModifiedBy]) VALUES (N'668e24c9-4bcf-e311-821b-00215e73190e', N'8c69b15c-46cf-e311-821b-00215e73190e', N'Late Penalty', 0, 0, 0, 0, NULL, NULL, '20140428 22:10:00.000', N'James', NULL, NULL)
	INSERT INTO [freebyTrack].[AccountActualTemplates] ([ID], [AccountTemplateID], [Description], [IsDeposit], [IsDefault], [AllowRecurringAmount], [AllowRecurringPercent], [AllowRecurringDay], [OwnerID], [CreatedOn], [CreatedBy], [ModifiedOn], [ModifiedBy]) VALUES (N'69f126ea-4ccf-e311-821b-00215e73190e', N'8c9fac5d-47cf-e311-821b-00215e73190e', N'Payment', 1, 1, 1, 0, NULL, NULL, '20140428 22:18:21.097', N'James', NULL, NULL)
	INSERT INTO [freebyTrack].[AccountActualTemplates] ([ID], [AccountTemplateID], [Description], [IsDeposit], [IsDefault], [AllowRecurringAmount], [AllowRecurringPercent], [AllowRecurringDay], [OwnerID], [CreatedOn], [CreatedBy], [ModifiedOn], [ModifiedBy]) VALUES (N'6af126ea-4ccf-e311-821b-00215e73190e', N'8c9fac5d-47cf-e311-821b-00215e73190e', N'Interest', 0, 0, 0, 1, NULL, NULL, '20140428 22:18:21.097', N'James', NULL, NULL)
	INSERT INTO [freebyTrack].[AccountActualTemplates] ([ID], [AccountTemplateID], [Description], [IsDeposit], [IsDefault], [AllowRecurringAmount], [AllowRecurringPercent], [AllowRecurringDay], [OwnerID], [CreatedOn], [CreatedBy], [ModifiedOn], [ModifiedBy]) VALUES (N'6bf126ea-4ccf-e311-821b-00215e73190e', N'8c9fac5d-47cf-e311-821b-00215e73190e', N'Misc. Negative Adjustment', 0, 0, 0, 0, NULL, NULL, '20140428 22:18:21.097', N'James', NULL, NULL)
	INSERT INTO [freebyTrack].[AccountActualTemplates] ([ID], [AccountTemplateID], [Description], [IsDeposit], [IsDefault], [AllowRecurringAmount], [AllowRecurringPercent], [AllowRecurringDay], [OwnerID], [CreatedOn], [CreatedBy], [ModifiedOn], [ModifiedBy]) VALUES (N'6cf126ea-4ccf-e311-821b-00215e73190e', N'8c9fac5d-47cf-e311-821b-00215e73190e', N'Misc. Positive Adjustment', 1, 1, 0, 0, NULL, NULL, '20140428 22:18:21.097', N'James', NULL, NULL)
	INSERT INTO [freebyTrack].[AccountActualTemplates] ([ID], [AccountTemplateID], [Description], [IsDeposit], [IsDefault], [AllowRecurringAmount], [AllowRecurringPercent], [AllowRecurringDay], [OwnerID], [CreatedOn], [CreatedBy], [ModifiedOn], [ModifiedBy]) VALUES (N'6df126ea-4ccf-e311-821b-00215e73190e', N'8c9fac5d-47cf-e311-821b-00215e73190e', N'Service Charge', 0, 0, 1, 0, NULL, NULL, '20140428 22:18:21.097', N'James', NULL, NULL)
	INSERT INTO [freebyTrack].[AccountActualTemplates] ([ID], [AccountTemplateID], [Description], [IsDeposit], [IsDefault], [AllowRecurringAmount], [AllowRecurringPercent], [AllowRecurringDay], [OwnerID], [CreatedOn], [CreatedBy], [ModifiedOn], [ModifiedBy]) VALUES (N'6e439d45-23cc-e311-821b-00215e73190e', N'cddabd8a-22cc-e311-821b-00215e73190e', N'Interest', 0, 0, 0, 1, NULL, NULL, '20140424 11:42:00.000', N'James', NULL, NULL)
	INSERT INTO [freebyTrack].[AccountActualTemplates] ([ID], [AccountTemplateID], [Description], [IsDeposit], [IsDefault], [AllowRecurringAmount], [AllowRecurringPercent], [AllowRecurringDay], [OwnerID], [CreatedOn], [CreatedBy], [ModifiedOn], [ModifiedBy]) VALUES (N'6ef126ea-4ccf-e311-821b-00215e73190e', N'8c9fac5d-47cf-e311-821b-00215e73190e', N'Refund or Credit', 1, 0, 0, 0, NULL, NULL, '20140428 22:18:21.097', N'James', NULL, NULL)
	INSERT INTO [freebyTrack].[AccountActualTemplates] ([ID], [AccountTemplateID], [Description], [IsDeposit], [IsDefault], [AllowRecurringAmount], [AllowRecurringPercent], [AllowRecurringDay], [OwnerID], [CreatedOn], [CreatedBy], [ModifiedOn], [ModifiedBy]) VALUES (N'6ff126ea-4ccf-e311-821b-00215e73190e', N'8c9fac5d-47cf-e311-821b-00215e73190e', N'Late Penalty', 0, 0, 0, 0, NULL, NULL, '20140428 22:18:21.097', N'James', NULL, NULL)
	INSERT INTO [freebyTrack].[AccountActualTemplates] ([ID], [AccountTemplateID], [Description], [IsDeposit], [IsDefault], [AllowRecurringAmount], [AllowRecurringPercent], [AllowRecurringDay], [OwnerID], [CreatedOn], [CreatedBy], [ModifiedOn], [ModifiedBy]) VALUES (N'708bd7b5-7bce-e311-821b-00215e73190e', N'9745beb6-d2bd-e311-821b-00215e73190e', N'Refund or Credit', 1, 0, 0, 0, NULL, NULL, '20140427 21:20:00.000', N'James', NULL, NULL)
	INSERT INTO [freebyTrack].[AccountActualTemplates] ([ID], [AccountTemplateID], [Description], [IsDeposit], [IsDefault], [AllowRecurringAmount], [AllowRecurringPercent], [AllowRecurringDay], [OwnerID], [CreatedOn], [CreatedBy], [ModifiedOn], [ModifiedBy]) VALUES (N'764c28a6-4ccf-e311-821b-00215e73190e', N'd235d08d-46cf-e311-821b-00215e73190e', N'Payment', 1, 1, 1, 0, NULL, NULL, '20140428 22:16:27.027', N'James', NULL, NULL)
	INSERT INTO [freebyTrack].[AccountActualTemplates] ([ID], [AccountTemplateID], [Description], [IsDeposit], [IsDefault], [AllowRecurringAmount], [AllowRecurringPercent], [AllowRecurringDay], [OwnerID], [CreatedOn], [CreatedBy], [ModifiedOn], [ModifiedBy]) VALUES (N'774c28a6-4ccf-e311-821b-00215e73190e', N'd235d08d-46cf-e311-821b-00215e73190e', N'Interest', 0, 0, 0, 1, NULL, NULL, '20140428 22:16:27.027', N'James', NULL, NULL)
	INSERT INTO [freebyTrack].[AccountActualTemplates] ([ID], [AccountTemplateID], [Description], [IsDeposit], [IsDefault], [AllowRecurringAmount], [AllowRecurringPercent], [AllowRecurringDay], [OwnerID], [CreatedOn], [CreatedBy], [ModifiedOn], [ModifiedBy]) VALUES (N'784c28a6-4ccf-e311-821b-00215e73190e', N'd235d08d-46cf-e311-821b-00215e73190e', N'Misc. Negative Adjustment', 0, 0, 0, 0, NULL, NULL, '20140428 22:16:27.027', N'James', NULL, NULL)
	INSERT INTO [freebyTrack].[AccountActualTemplates] ([ID], [AccountTemplateID], [Description], [IsDeposit], [IsDefault], [AllowRecurringAmount], [AllowRecurringPercent], [AllowRecurringDay], [OwnerID], [CreatedOn], [CreatedBy], [ModifiedOn], [ModifiedBy]) VALUES (N'794c28a6-4ccf-e311-821b-00215e73190e', N'd235d08d-46cf-e311-821b-00215e73190e', N'Misc. Positive Adjustment', 1, 1, 0, 0, NULL, NULL, '20140428 22:16:27.027', N'James', NULL, NULL)
	INSERT INTO [freebyTrack].[AccountActualTemplates] ([ID], [AccountTemplateID], [Description], [IsDeposit], [IsDefault], [AllowRecurringAmount], [AllowRecurringPercent], [AllowRecurringDay], [OwnerID], [CreatedOn], [CreatedBy], [ModifiedOn], [ModifiedBy]) VALUES (N'7a4c28a6-4ccf-e311-821b-00215e73190e', N'd235d08d-46cf-e311-821b-00215e73190e', N'Service Charge', 0, 0, 1, 0, NULL, NULL, '20140428 22:16:27.027', N'James', NULL, NULL)
	INSERT INTO [freebyTrack].[AccountActualTemplates] ([ID], [AccountTemplateID], [Description], [IsDeposit], [IsDefault], [AllowRecurringAmount], [AllowRecurringPercent], [AllowRecurringDay], [OwnerID], [CreatedOn], [CreatedBy], [ModifiedOn], [ModifiedBy]) VALUES (N'7b4c28a6-4ccf-e311-821b-00215e73190e', N'd235d08d-46cf-e311-821b-00215e73190e', N'Refund or Credit', 1, 0, 0, 0, NULL, NULL, '20140428 22:16:27.027', N'James', NULL, NULL)
	INSERT INTO [freebyTrack].[AccountActualTemplates] ([ID], [AccountTemplateID], [Description], [IsDeposit], [IsDefault], [AllowRecurringAmount], [AllowRecurringPercent], [AllowRecurringDay], [OwnerID], [CreatedOn], [CreatedBy], [ModifiedOn], [ModifiedBy]) VALUES (N'7c4c28a6-4ccf-e311-821b-00215e73190e', N'd235d08d-46cf-e311-821b-00215e73190e', N'Late Penalty', 0, 0, 0, 0, NULL, NULL, '20140428 22:16:27.027', N'James', NULL, NULL)
	INSERT INTO [freebyTrack].[AccountActualTemplates] ([ID], [AccountTemplateID], [Description], [IsDeposit], [IsDefault], [AllowRecurringAmount], [AllowRecurringPercent], [AllowRecurringDay], [OwnerID], [CreatedOn], [CreatedBy], [ModifiedOn], [ModifiedBy]) VALUES (N'7e9e8f39-ddc9-e311-821b-00215e73190e', N'b2a4eaca-dcc9-e311-821b-00215e73190e', N'Deposit', 1, 1, 1, 0, NULL, NULL, '20140422 00:16:00.000', N'James', NULL, NULL)
	INSERT INTO [freebyTrack].[AccountActualTemplates] ([ID], [AccountTemplateID], [Description], [IsDeposit], [IsDefault], [AllowRecurringAmount], [AllowRecurringPercent], [AllowRecurringDay], [OwnerID], [CreatedOn], [CreatedBy], [ModifiedOn], [ModifiedBy]) VALUES (N'813609a8-8209-e411-a717-00215e73190e', N'd235d08d-46cf-e311-821b-00215e73190e', N'Current Loan Amount', 0, 0, 0, 0, NULL, NULL, '20140712 00:08:00.000', N'James', NULL, NULL)
	INSERT INTO [freebyTrack].[AccountActualTemplates] ([ID], [AccountTemplateID], [Description], [IsDeposit], [IsDefault], [AllowRecurringAmount], [AllowRecurringPercent], [AllowRecurringDay], [OwnerID], [CreatedOn], [CreatedBy], [ModifiedOn], [ModifiedBy]) VALUES (N'85a6ce30-23cc-e311-821b-00215e73190e', N'cddabd8a-22cc-e311-821b-00215e73190e', N'Purchase', 0, 1, 0, 0, NULL, NULL, '20140424 11:42:00.000', N'James', NULL, NULL)
	INSERT INTO [freebyTrack].[AccountActualTemplates] ([ID], [AccountTemplateID], [Description], [IsDeposit], [IsDefault], [AllowRecurringAmount], [AllowRecurringPercent], [AllowRecurringDay], [OwnerID], [CreatedOn], [CreatedBy], [ModifiedOn], [ModifiedBy]) VALUES (N'a11528d5-16d0-e311-821b-00215e73190e', N'8c9fac5d-47cf-e311-821b-00215e73190e', N'Initial Loan Amount', 0, 0, 0, 0, NULL, NULL, '20140429 22:23:00.000', N'James', NULL, NULL)
	INSERT INTO [freebyTrack].[AccountActualTemplates] ([ID], [AccountTemplateID], [Description], [IsDeposit], [IsDefault], [AllowRecurringAmount], [AllowRecurringPercent], [AllowRecurringDay], [OwnerID], [CreatedOn], [CreatedBy], [ModifiedOn], [ModifiedBy]) VALUES (N'a15f08c8-16d0-e311-821b-00215e73190e', N'c204b4e5-46cf-e311-821b-00215e73190e', N'Initial Loan Amount', 0, 0, 0, 0, NULL, NULL, '20140429 22:23:00.000', N'James', NULL, NULL)
	INSERT INTO [freebyTrack].[AccountActualTemplates] ([ID], [AccountTemplateID], [Description], [IsDeposit], [IsDefault], [AllowRecurringAmount], [AllowRecurringPercent], [AllowRecurringDay], [OwnerID], [CreatedOn], [CreatedBy], [ModifiedOn], [ModifiedBy]) VALUES (N'a400cbff-d9bd-e311-821b-00215e73190e', N'0909a0e7-d2bd-e311-821b-00215e73190e', N'Deposit', 1, 1, 1, 0, NULL, NULL, '20140406 17:22:00.000', N'James', NULL, NULL)
	INSERT INTO [freebyTrack].[AccountActualTemplates] ([ID], [AccountTemplateID], [Description], [IsDeposit], [IsDefault], [AllowRecurringAmount], [AllowRecurringPercent], [AllowRecurringDay], [OwnerID], [CreatedOn], [CreatedBy], [ModifiedOn], [ModifiedBy]) VALUES (N'a66b3c2f-4ccf-e311-821b-00215e73190e', N'8c69b15c-46cf-e311-821b-00215e73190e', N'PMI', 0, 0, 1, 0, NULL, NULL, '20140428 22:13:00.000', N'James', NULL, NULL)
	INSERT INTO [freebyTrack].[AccountActualTemplates] ([ID], [AccountTemplateID], [Description], [IsDeposit], [IsDefault], [AllowRecurringAmount], [AllowRecurringPercent], [AllowRecurringDay], [OwnerID], [CreatedOn], [CreatedBy], [ModifiedOn], [ModifiedBy]) VALUES (N'a88e4ba6-8610-e811-80e2-00248c445d9c', N'4dca38c7-8410-e811-80e2-00248c445d9c', N'Withdrawl', 0, 1, 1, 0, NULL, NULL, '20140406 17:22:00.000', N'James', NULL, NULL)
	INSERT INTO [freebyTrack].[AccountActualTemplates] ([ID], [AccountTemplateID], [Description], [IsDeposit], [IsDefault], [AllowRecurringAmount], [AllowRecurringPercent], [AllowRecurringDay], [OwnerID], [CreatedOn], [CreatedBy], [ModifiedOn], [ModifiedBy]) VALUES (N'a98e4ba6-8610-e811-80e2-00248c445d9c', N'4dca38c7-8410-e811-80e2-00248c445d9c', N'Deposit', 1, 1, 1, 0, NULL, NULL, '20140406 17:22:00.000', N'James', NULL, NULL)
	INSERT INTO [freebyTrack].[AccountActualTemplates] ([ID], [AccountTemplateID], [Description], [IsDeposit], [IsDefault], [AllowRecurringAmount], [AllowRecurringPercent], [AllowRecurringDay], [OwnerID], [CreatedOn], [CreatedBy], [ModifiedOn], [ModifiedBy]) VALUES (N'aa8e4ba6-8610-e811-80e2-00248c445d9c', N'4dca38c7-8410-e811-80e2-00248c445d9c', N'Misc. Positive Adjustment', 1, 1, 0, 0, NULL, NULL, '20140410 09:29:00.000', N'James', NULL, NULL)
	INSERT INTO [freebyTrack].[AccountActualTemplates] ([ID], [AccountTemplateID], [Description], [IsDeposit], [IsDefault], [AllowRecurringAmount], [AllowRecurringPercent], [AllowRecurringDay], [OwnerID], [CreatedOn], [CreatedBy], [ModifiedOn], [ModifiedBy]) VALUES (N'ab8e4ba6-8610-e811-80e2-00248c445d9c', N'4dca38c7-8410-e811-80e2-00248c445d9c', N'Misc. Negative Adjustment', 0, 0, 0, 0, NULL, NULL, '20140410 09:29:00.000', N'James', NULL, NULL)
	INSERT INTO [freebyTrack].[AccountActualTemplates] ([ID], [AccountTemplateID], [Description], [IsDeposit], [IsDefault], [AllowRecurringAmount], [AllowRecurringPercent], [AllowRecurringDay], [OwnerID], [CreatedOn], [CreatedBy], [ModifiedOn], [ModifiedBy]) VALUES (N'ac8e4ba6-8610-e811-80e2-00248c445d9c', N'4dca38c7-8410-e811-80e2-00248c445d9c', N'Account Growth', 1, 0, 0, 0, NULL, NULL, '20140424 21:46:00.000', N'James', NULL, NULL)
	INSERT INTO [freebyTrack].[AccountActualTemplates] ([ID], [AccountTemplateID], [Description], [IsDeposit], [IsDefault], [AllowRecurringAmount], [AllowRecurringPercent], [AllowRecurringDay], [OwnerID], [CreatedOn], [CreatedBy], [ModifiedOn], [ModifiedBy]) VALUES (N'ad8e4ba6-8610-e811-80e2-00248c445d9c', N'4dca38c7-8410-e811-80e2-00248c445d9c', N'Account Loss', 0, 0, 0, 0, NULL, NULL, '20140424 21:46:00.000', N'James', NULL, NULL)
	INSERT INTO [freebyTrack].[AccountActualTemplates] ([ID], [AccountTemplateID], [Description], [IsDeposit], [IsDefault], [AllowRecurringAmount], [AllowRecurringPercent], [AllowRecurringDay], [OwnerID], [CreatedOn], [CreatedBy], [ModifiedOn], [ModifiedBy]) VALUES (N'b8b08081-bcc0-e311-821b-00215e73190e', N'0909a0e7-d2bd-e311-821b-00215e73190e', N'Misc. Positive Adjustment', 1, 1, 0, 0, NULL, NULL, '20140410 09:29:00.000', N'James', NULL, NULL)
	INSERT INTO [freebyTrack].[AccountActualTemplates] ([ID], [AccountTemplateID], [Description], [IsDeposit], [IsDefault], [AllowRecurringAmount], [AllowRecurringPercent], [AllowRecurringDay], [OwnerID], [CreatedOn], [CreatedBy], [ModifiedOn], [ModifiedBy]) VALUES (N'bf2ac4a1-16d0-e311-821b-00215e73190e', N'484c7f35-facc-e311-821b-00215e73190e', N'Initial Loan Amount', 0, 0, 0, 0, NULL, NULL, '20140429 22:22:00.000', N'James', NULL, NULL)
	INSERT INTO [freebyTrack].[AccountActualTemplates] ([ID], [AccountTemplateID], [Description], [IsDeposit], [IsDefault], [AllowRecurringAmount], [AllowRecurringPercent], [AllowRecurringDay], [OwnerID], [CreatedOn], [CreatedBy], [ModifiedOn], [ModifiedBy]) VALUES (N'c1839ad4-8209-e411-a717-00215e73190e', N'3a674b6d-46cf-e311-821b-00215e73190e', N'Current Loan Amount', 0, 0, 0, 0, NULL, NULL, '20140712 00:08:00.000', N'James', NULL, NULL)
	INSERT INTO [freebyTrack].[AccountActualTemplates] ([ID], [AccountTemplateID], [Description], [IsDeposit], [IsDefault], [AllowRecurringAmount], [AllowRecurringPercent], [AllowRecurringDay], [OwnerID], [CreatedOn], [CreatedBy], [ModifiedOn], [ModifiedBy]) VALUES (N'c42a6de6-d9bd-e311-821b-00215e73190e', N'0909a0e7-d2bd-e311-821b-00215e73190e', N'Withdrawl', 0, 1, 1, 0, NULL, NULL, '20140406 17:22:00.000', N'James', NULL, NULL)
	INSERT INTO [freebyTrack].[AccountActualTemplates] ([ID], [AccountTemplateID], [Description], [IsDeposit], [IsDefault], [AllowRecurringAmount], [AllowRecurringPercent], [AllowRecurringDay], [OwnerID], [CreatedOn], [CreatedBy], [ModifiedOn], [ModifiedBy]) VALUES (N'c49ed9c5-d9bd-e311-821b-00215e73190e', N'1880f7bf-d2bd-e311-821b-00215e73190e', N'Deposit', 1, 1, 1, 0, NULL, NULL, '20140406 17:50:00.000', N'James', NULL, NULL)
	INSERT INTO [freebyTrack].[AccountActualTemplates] ([ID], [AccountTemplateID], [Description], [IsDeposit], [IsDefault], [AllowRecurringAmount], [AllowRecurringPercent], [AllowRecurringDay], [OwnerID], [CreatedOn], [CreatedBy], [ModifiedOn], [ModifiedBy]) VALUES (N'ccd46b5c-4bcf-e311-821b-00215e73190e', N'8c69b15c-46cf-e311-821b-00215e73190e', N'Payment', 1, 1, 1, 0, NULL, NULL, '20140428 22:07:09.043', N'James', NULL, NULL)
	INSERT INTO [freebyTrack].[AccountActualTemplates] ([ID], [AccountTemplateID], [Description], [IsDeposit], [IsDefault], [AllowRecurringAmount], [AllowRecurringPercent], [AllowRecurringDay], [OwnerID], [CreatedOn], [CreatedBy], [ModifiedOn], [ModifiedBy]) VALUES (N'ce4b697d-eec0-e311-821b-00215e73190e', N'9745beb6-d2bd-e311-821b-00215e73190e', N'Misc. Negative Adjustment', 0, 0, 0, 0, NULL, NULL, '20140410 15:27:00.000', N'James', NULL, NULL)
	INSERT INTO [freebyTrack].[AccountActualTemplates] ([ID], [AccountTemplateID], [Description], [IsDeposit], [IsDefault], [AllowRecurringAmount], [AllowRecurringPercent], [AllowRecurringDay], [OwnerID], [CreatedOn], [CreatedBy], [ModifiedOn], [ModifiedBy]) VALUES (N'ced46b5c-4bcf-e311-821b-00215e73190e', N'8c69b15c-46cf-e311-821b-00215e73190e', N'Interest', 0, 0, 0, 1, NULL, NULL, '20140428 22:07:09.043', N'James', NULL, NULL)
	INSERT INTO [freebyTrack].[AccountActualTemplates] ([ID], [AccountTemplateID], [Description], [IsDeposit], [IsDefault], [AllowRecurringAmount], [AllowRecurringPercent], [AllowRecurringDay], [OwnerID], [CreatedOn], [CreatedBy], [ModifiedOn], [ModifiedBy]) VALUES (N'cf771753-23cc-e311-821b-00215e73190e', N'cddabd8a-22cc-e311-821b-00215e73190e', N'Misc. Negative Adjustment', 0, 0, 0, 0, NULL, NULL, '20140424 11:43:00.000', N'James', NULL, NULL)
	INSERT INTO [freebyTrack].[AccountActualTemplates] ([ID], [AccountTemplateID], [Description], [IsDeposit], [IsDefault], [AllowRecurringAmount], [AllowRecurringPercent], [AllowRecurringDay], [OwnerID], [CreatedOn], [CreatedBy], [ModifiedOn], [ModifiedBy]) VALUES (N'cfd46b5c-4bcf-e311-821b-00215e73190e', N'8c69b15c-46cf-e311-821b-00215e73190e', N'Misc. Negative Adjustment', 0, 0, 0, 0, NULL, NULL, '20140428 22:07:09.043', N'James', NULL, NULL)
	INSERT INTO [freebyTrack].[AccountActualTemplates] ([ID], [AccountTemplateID], [Description], [IsDeposit], [IsDefault], [AllowRecurringAmount], [AllowRecurringPercent], [AllowRecurringDay], [OwnerID], [CreatedOn], [CreatedBy], [ModifiedOn], [ModifiedBy]) VALUES (N'd076814a-bac0-e311-821b-00215e73190e', N'1880f7bf-d2bd-e311-821b-00215e73190e', N'Misc. Positive Adjustment', 1, 1, 0, 0, NULL, NULL, '20140410 09:13:00.000', N'James', NULL, NULL)
	INSERT INTO [freebyTrack].[AccountActualTemplates] ([ID], [AccountTemplateID], [Description], [IsDeposit], [IsDefault], [AllowRecurringAmount], [AllowRecurringPercent], [AllowRecurringDay], [OwnerID], [CreatedOn], [CreatedBy], [ModifiedOn], [ModifiedBy]) VALUES (N'd0d46b5c-4bcf-e311-821b-00215e73190e', N'8c69b15c-46cf-e311-821b-00215e73190e', N'Misc. Positive Adjustment', 1, 1, 0, 0, NULL, NULL, '20140428 22:07:09.043', N'James', NULL, NULL)
	INSERT INTO [freebyTrack].[AccountActualTemplates] ([ID], [AccountTemplateID], [Description], [IsDeposit], [IsDefault], [AllowRecurringAmount], [AllowRecurringPercent], [AllowRecurringDay], [OwnerID], [CreatedOn], [CreatedBy], [ModifiedOn], [ModifiedBy]) VALUES (N'd1d46b5c-4bcf-e311-821b-00215e73190e', N'8c69b15c-46cf-e311-821b-00215e73190e', N'Service Charge', 0, 0, 1, 0, NULL, NULL, '20140428 22:07:09.043', N'James', NULL, NULL)
	INSERT INTO [freebyTrack].[AccountActualTemplates] ([ID], [AccountTemplateID], [Description], [IsDeposit], [IsDefault], [AllowRecurringAmount], [AllowRecurringPercent], [AllowRecurringDay], [OwnerID], [CreatedOn], [CreatedBy], [ModifiedOn], [ModifiedBy]) VALUES (N'd2d46b5c-4bcf-e311-821b-00215e73190e', N'8c69b15c-46cf-e311-821b-00215e73190e', N'Refund or Credit', 1, 0, 0, 0, NULL, NULL, '20140428 22:07:09.043', N'James', NULL, NULL)
	INSERT INTO [freebyTrack].[AccountActualTemplates] ([ID], [AccountTemplateID], [Description], [IsDeposit], [IsDefault], [AllowRecurringAmount], [AllowRecurringPercent], [AllowRecurringDay], [OwnerID], [CreatedOn], [CreatedBy], [ModifiedOn], [ModifiedBy]) VALUES (N'd9bea991-16d0-e311-821b-00215e73190e', N'8c69b15c-46cf-e311-821b-00215e73190e', N'Initial Loan Amount', 0, 0, 0, 0, NULL, NULL, '20140429 22:21:00.000', N'James', NULL, NULL)
	INSERT INTO [freebyTrack].[AccountActualTemplates] ([ID], [AccountTemplateID], [Description], [IsDeposit], [IsDefault], [AllowRecurringAmount], [AllowRecurringPercent], [AllowRecurringDay], [OwnerID], [CreatedOn], [CreatedBy], [ModifiedOn], [ModifiedBy]) VALUES (N'de93a15d-eecc-e311-821b-00215e73190e', N'cddabd8a-22cc-e311-821b-00215e73190e', N'Service Charge or Membership Fee', 0, 0, 1, 0, NULL, NULL, '20140425 21:55:00.000', N'James', NULL, NULL)
	INSERT INTO [freebyTrack].[AccountActualTemplates] ([ID], [AccountTemplateID], [Description], [IsDeposit], [IsDefault], [AllowRecurringAmount], [AllowRecurringPercent], [AllowRecurringDay], [OwnerID], [CreatedOn], [CreatedBy], [ModifiedOn], [ModifiedBy]) VALUES (N'e1bffbee-8209-e411-a717-00215e73190e', N'8c9fac5d-47cf-e311-821b-00215e73190e', N'Current Loan Amount', 0, 0, 0, 0, NULL, NULL, '20140712 00:09:00.000', N'James', NULL, NULL)
	INSERT INTO [freebyTrack].[AccountActualTemplates] ([ID], [AccountTemplateID], [Description], [IsDeposit], [IsDefault], [AllowRecurringAmount], [AllowRecurringPercent], [AllowRecurringDay], [OwnerID], [CreatedOn], [CreatedBy], [ModifiedOn], [ModifiedBy]) VALUES (N'e6489e5f-4ccf-e311-821b-00215e73190e', N'3a674b6d-46cf-e311-821b-00215e73190e', N'Payment', 1, 1, 1, 0, NULL, NULL, '20140428 22:14:20.573', N'James', NULL, NULL)
	INSERT INTO [freebyTrack].[AccountActualTemplates] ([ID], [AccountTemplateID], [Description], [IsDeposit], [IsDefault], [AllowRecurringAmount], [AllowRecurringPercent], [AllowRecurringDay], [OwnerID], [CreatedOn], [CreatedBy], [ModifiedOn], [ModifiedBy]) VALUES (N'e6af56b8-4ccf-e311-821b-00215e73190e', N'c204b4e5-46cf-e311-821b-00215e73190e', N'Payment', 1, 1, 1, 0, NULL, NULL, '20140428 22:16:57.517', N'James', NULL, NULL)
	INSERT INTO [freebyTrack].[AccountActualTemplates] ([ID], [AccountTemplateID], [Description], [IsDeposit], [IsDefault], [AllowRecurringAmount], [AllowRecurringPercent], [AllowRecurringDay], [OwnerID], [CreatedOn], [CreatedBy], [ModifiedOn], [ModifiedBy]) VALUES (N'e7489e5f-4ccf-e311-821b-00215e73190e', N'3a674b6d-46cf-e311-821b-00215e73190e', N'Interest', 0, 0, 0, 1, NULL, NULL, '20140428 22:14:20.573', N'James', NULL, NULL)
	INSERT INTO [freebyTrack].[AccountActualTemplates] ([ID], [AccountTemplateID], [Description], [IsDeposit], [IsDefault], [AllowRecurringAmount], [AllowRecurringPercent], [AllowRecurringDay], [OwnerID], [CreatedOn], [CreatedBy], [ModifiedOn], [ModifiedBy]) VALUES (N'e79a4a6c-7bce-e311-821b-00215e73190e', N'cddabd8a-22cc-e311-821b-00215e73190e', N'Refund or Credit', 1, 0, 0, 0, NULL, NULL, '20140427 21:18:00.000', N'James', NULL, NULL)
	INSERT INTO [freebyTrack].[AccountActualTemplates] ([ID], [AccountTemplateID], [Description], [IsDeposit], [IsDefault], [AllowRecurringAmount], [AllowRecurringPercent], [AllowRecurringDay], [OwnerID], [CreatedOn], [CreatedBy], [ModifiedOn], [ModifiedBy]) VALUES (N'e7af56b8-4ccf-e311-821b-00215e73190e', N'c204b4e5-46cf-e311-821b-00215e73190e', N'Interest', 0, 0, 0, 1, NULL, NULL, '20140428 22:16:57.517', N'James', NULL, NULL)
	INSERT INTO [freebyTrack].[AccountActualTemplates] ([ID], [AccountTemplateID], [Description], [IsDeposit], [IsDefault], [AllowRecurringAmount], [AllowRecurringPercent], [AllowRecurringDay], [OwnerID], [CreatedOn], [CreatedBy], [ModifiedOn], [ModifiedBy]) VALUES (N'e8489e5f-4ccf-e311-821b-00215e73190e', N'3a674b6d-46cf-e311-821b-00215e73190e', N'Misc. Negative Adjustment', 0, 0, 0, 0, NULL, NULL, '20140428 22:14:20.573', N'James', NULL, NULL)
	INSERT INTO [freebyTrack].[AccountActualTemplates] ([ID], [AccountTemplateID], [Description], [IsDeposit], [IsDefault], [AllowRecurringAmount], [AllowRecurringPercent], [AllowRecurringDay], [OwnerID], [CreatedOn], [CreatedBy], [ModifiedOn], [ModifiedBy]) VALUES (N'e8af56b8-4ccf-e311-821b-00215e73190e', N'c204b4e5-46cf-e311-821b-00215e73190e', N'Misc. Negative Adjustment', 0, 0, 0, 0, NULL, NULL, '20140428 22:16:57.517', N'James', NULL, NULL)
	INSERT INTO [freebyTrack].[AccountActualTemplates] ([ID], [AccountTemplateID], [Description], [IsDeposit], [IsDefault], [AllowRecurringAmount], [AllowRecurringPercent], [AllowRecurringDay], [OwnerID], [CreatedOn], [CreatedBy], [ModifiedOn], [ModifiedBy]) VALUES (N'e9489e5f-4ccf-e311-821b-00215e73190e', N'3a674b6d-46cf-e311-821b-00215e73190e', N'Misc. Positive Adjustment', 1, 1, 0, 0, NULL, NULL, '20140428 22:14:20.573', N'James', NULL, NULL)
	INSERT INTO [freebyTrack].[AccountActualTemplates] ([ID], [AccountTemplateID], [Description], [IsDeposit], [IsDefault], [AllowRecurringAmount], [AllowRecurringPercent], [AllowRecurringDay], [OwnerID], [CreatedOn], [CreatedBy], [ModifiedOn], [ModifiedBy]) VALUES (N'e9af56b8-4ccf-e311-821b-00215e73190e', N'c204b4e5-46cf-e311-821b-00215e73190e', N'Misc. Positive Adjustment', 1, 1, 0, 0, NULL, NULL, '20140428 22:16:57.517', N'James', NULL, NULL)
	INSERT INTO [freebyTrack].[AccountActualTemplates] ([ID], [AccountTemplateID], [Description], [IsDeposit], [IsDefault], [AllowRecurringAmount], [AllowRecurringPercent], [AllowRecurringDay], [OwnerID], [CreatedOn], [CreatedBy], [ModifiedOn], [ModifiedBy]) VALUES (N'ea489e5f-4ccf-e311-821b-00215e73190e', N'3a674b6d-46cf-e311-821b-00215e73190e', N'Service Charge', 0, 0, 1, 0, NULL, NULL, '20140428 22:14:20.573', N'James', NULL, NULL)
	INSERT INTO [freebyTrack].[AccountActualTemplates] ([ID], [AccountTemplateID], [Description], [IsDeposit], [IsDefault], [AllowRecurringAmount], [AllowRecurringPercent], [AllowRecurringDay], [OwnerID], [CreatedOn], [CreatedBy], [ModifiedOn], [ModifiedBy]) VALUES (N'eaaf56b8-4ccf-e311-821b-00215e73190e', N'c204b4e5-46cf-e311-821b-00215e73190e', N'Service Charge', 0, 0, 1, 0, NULL, NULL, '20140428 22:16:57.517', N'James', NULL, NULL)
	INSERT INTO [freebyTrack].[AccountActualTemplates] ([ID], [AccountTemplateID], [Description], [IsDeposit], [IsDefault], [AllowRecurringAmount], [AllowRecurringPercent], [AllowRecurringDay], [OwnerID], [CreatedOn], [CreatedBy], [ModifiedOn], [ModifiedBy]) VALUES (N'eb489e5f-4ccf-e311-821b-00215e73190e', N'3a674b6d-46cf-e311-821b-00215e73190e', N'Refund or Credit', 1, 0, 0, 0, NULL, NULL, '20140428 22:14:20.573', N'James', NULL, NULL)
	INSERT INTO [freebyTrack].[AccountActualTemplates] ([ID], [AccountTemplateID], [Description], [IsDeposit], [IsDefault], [AllowRecurringAmount], [AllowRecurringPercent], [AllowRecurringDay], [OwnerID], [CreatedOn], [CreatedBy], [ModifiedOn], [ModifiedBy]) VALUES (N'ebaf56b8-4ccf-e311-821b-00215e73190e', N'c204b4e5-46cf-e311-821b-00215e73190e', N'Refund or Credit', 1, 0, 0, 0, NULL, NULL, '20140428 22:16:57.517', N'James', NULL, NULL)
	INSERT INTO [freebyTrack].[AccountActualTemplates] ([ID], [AccountTemplateID], [Description], [IsDeposit], [IsDefault], [AllowRecurringAmount], [AllowRecurringPercent], [AllowRecurringDay], [OwnerID], [CreatedOn], [CreatedBy], [ModifiedOn], [ModifiedBy]) VALUES (N'ec489e5f-4ccf-e311-821b-00215e73190e', N'3a674b6d-46cf-e311-821b-00215e73190e', N'Late Penalty', 0, 0, 0, 0, NULL, NULL, '20140428 22:14:20.573', N'James', NULL, NULL)
	INSERT INTO [freebyTrack].[AccountActualTemplates] ([ID], [AccountTemplateID], [Description], [IsDeposit], [IsDefault], [AllowRecurringAmount], [AllowRecurringPercent], [AllowRecurringDay], [OwnerID], [CreatedOn], [CreatedBy], [ModifiedOn], [ModifiedBy]) VALUES (N'ecaf56b8-4ccf-e311-821b-00215e73190e', N'c204b4e5-46cf-e311-821b-00215e73190e', N'Late Penalty', 0, 0, 0, 0, NULL, NULL, '20140428 22:16:57.517', N'James', NULL, NULL)
	INSERT INTO [freebyTrack].[AccountActualTemplates] ([ID], [AccountTemplateID], [Description], [IsDeposit], [IsDefault], [AllowRecurringAmount], [AllowRecurringPercent], [AllowRecurringDay], [OwnerID], [CreatedOn], [CreatedBy], [ModifiedOn], [ModifiedBy]) VALUES (N'ef8bff60-9fcf-e311-821b-00215e73190e', N'484c7f35-facc-e311-821b-00215e73190e', N'Late Penalty', 0, 0, 0, 0, NULL, NULL, '20140429 08:08:00.000', N'James', NULL, NULL)
	INSERT INTO [freebyTrack].[AccountActualTemplates] ([ID], [AccountTemplateID], [Description], [IsDeposit], [IsDefault], [AllowRecurringAmount], [AllowRecurringPercent], [AllowRecurringDay], [OwnerID], [CreatedOn], [CreatedBy], [ModifiedOn], [ModifiedBy]) VALUES (N'f04b98a1-d9bd-e311-821b-00215e73190e', N'9745beb6-d2bd-e311-821b-00215e73190e', N'Withdrawl', 0, 1, 1, 0, NULL, NULL, '20140406 17:20:00.000', N'James', NULL, NULL)
	INSERT INTO [freebyTrack].[AccountActualTemplates] ([ID], [AccountTemplateID], [Description], [IsDeposit], [IsDefault], [AllowRecurringAmount], [AllowRecurringPercent], [AllowRecurringDay], [OwnerID], [CreatedOn], [CreatedBy], [ModifiedOn], [ModifiedBy]) VALUES (N'f70572c0-9ecf-e311-821b-00215e73190e', N'484c7f35-facc-e311-821b-00215e73190e', N'Payment', 1, 1, 1, 0, NULL, NULL, '20140429 08:04:09.853', N'James', NULL, NULL)
	INSERT INTO [freebyTrack].[AccountActualTemplates] ([ID], [AccountTemplateID], [Description], [IsDeposit], [IsDefault], [AllowRecurringAmount], [AllowRecurringPercent], [AllowRecurringDay], [OwnerID], [CreatedOn], [CreatedBy], [ModifiedOn], [ModifiedBy]) VALUES (N'f80572c0-9ecf-e311-821b-00215e73190e', N'484c7f35-facc-e311-821b-00215e73190e', N'Adding to Loan Amount', 0, 1, 0, 0, NULL, NULL, '20140429 08:04:09.853', N'James', NULL, NULL)
	INSERT INTO [freebyTrack].[AccountActualTemplates] ([ID], [AccountTemplateID], [Description], [IsDeposit], [IsDefault], [AllowRecurringAmount], [AllowRecurringPercent], [AllowRecurringDay], [OwnerID], [CreatedOn], [CreatedBy], [ModifiedOn], [ModifiedBy]) VALUES (N'f90572c0-9ecf-e311-821b-00215e73190e', N'484c7f35-facc-e311-821b-00215e73190e', N'Interest', 0, 0, 0, 1, NULL, NULL, '20140429 08:04:09.853', N'James', NULL, NULL)
	INSERT INTO [freebyTrack].[AccountActualTemplates] ([ID], [AccountTemplateID], [Description], [IsDeposit], [IsDefault], [AllowRecurringAmount], [AllowRecurringPercent], [AllowRecurringDay], [OwnerID], [CreatedOn], [CreatedBy], [ModifiedOn], [ModifiedBy]) VALUES (N'f91dc3bb-d9bd-e311-821b-00215e73190e', N'1880f7bf-d2bd-e311-821b-00215e73190e', N'Withdrawl', 0, 1, 1, 0, NULL, NULL, '20140406 17:20:00.000', N'James', NULL, NULL)
	INSERT INTO [freebyTrack].[AccountActualTemplates] ([ID], [AccountTemplateID], [Description], [IsDeposit], [IsDefault], [AllowRecurringAmount], [AllowRecurringPercent], [AllowRecurringDay], [OwnerID], [CreatedOn], [CreatedBy], [ModifiedOn], [ModifiedBy]) VALUES (N'fa0572c0-9ecf-e311-821b-00215e73190e', N'484c7f35-facc-e311-821b-00215e73190e', N'Misc. Negative Adjustment', 0, 0, 0, 0, NULL, NULL, '20140429 08:04:09.853', N'James', NULL, NULL)
	INSERT INTO [freebyTrack].[AccountActualTemplates] ([ID], [AccountTemplateID], [Description], [IsDeposit], [IsDefault], [AllowRecurringAmount], [AllowRecurringPercent], [AllowRecurringDay], [OwnerID], [CreatedOn], [CreatedBy], [ModifiedOn], [ModifiedBy]) VALUES (N'fb0572c0-9ecf-e311-821b-00215e73190e', N'484c7f35-facc-e311-821b-00215e73190e', N'Misc. Positive Adjustment', 1, 1, 0, 0, NULL, NULL, '20140429 08:04:09.853', N'James', NULL, NULL)
	INSERT INTO [freebyTrack].[AccountActualTemplates] ([ID], [AccountTemplateID], [Description], [IsDeposit], [IsDefault], [AllowRecurringAmount], [AllowRecurringPercent], [AllowRecurringDay], [OwnerID], [CreatedOn], [CreatedBy], [ModifiedOn], [ModifiedBy]) VALUES (N'fc0572c0-9ecf-e311-821b-00215e73190e', N'484c7f35-facc-e311-821b-00215e73190e', N'Service Charge', 0, 0, 1, 0, NULL, NULL, '20140429 08:04:09.853', N'James', NULL, NULL)
	INSERT INTO [freebyTrack].[AccountActualTemplates] ([ID], [AccountTemplateID], [Description], [IsDeposit], [IsDefault], [AllowRecurringAmount], [AllowRecurringPercent], [AllowRecurringDay], [OwnerID], [CreatedOn], [CreatedBy], [ModifiedOn], [ModifiedBy]) VALUES (N'fc761c60-ddc9-e311-821b-00215e73190e', N'b2a4eaca-dcc9-e311-821b-00215e73190e', N'Misc. Positive Adjustment', 0, 1, 0, 0, NULL, NULL, '20140422 00:17:00.000', N'James', NULL, NULL)
	INSERT INTO [freebyTrack].[AccountActualTemplates] ([ID], [AccountTemplateID], [Description], [IsDeposit], [IsDefault], [AllowRecurringAmount], [AllowRecurringPercent], [AllowRecurringDay], [OwnerID], [CreatedOn], [CreatedBy], [ModifiedOn], [ModifiedBy]) VALUES (N'fd0572c0-9ecf-e311-821b-00215e73190e', N'484c7f35-facc-e311-821b-00215e73190e', N'Refund or Credit', 1, 0, 0, 0, NULL, NULL, '20140429 08:04:09.853', N'James', NULL, NULL)
END
IF NOT EXISTS (SELECT TOP 1 Id FROM freebyTrack.BudgetCategoryTemplates)
BEGIN
	INSERT INTO [freebyTrack].[BudgetCategoryTemplates] ([ID], [Description], [OwnerID], [Icon], [IsIncomeCategory], [BackgroundColor], [CreatedOn], [CreatedBy], [ModifiedOn], [ModifiedBy]) VALUES (N'1ca1d03b-4198-e311-821b-00215e73190e', N'Investments', NULL, N'icon-bar-chart', 0, N'#CCCCCC  ', '20140217 20:06:00.000', N'James', NULL, NULL)
	INSERT INTO [freebyTrack].[BudgetCategoryTemplates] ([ID], [Description], [OwnerID], [Icon], [IsIncomeCategory], [BackgroundColor], [CreatedOn], [CreatedBy], [ModifiedOn], [ModifiedBy]) VALUES (N'337334e8-169d-e311-821b-00215e73190e', N'Business Expenses', NULL, N'icon-building', 0, N'#81F79F  ', '20140223 23:45:00.000', N'James', NULL, NULL)
	INSERT INTO [freebyTrack].[BudgetCategoryTemplates] ([ID], [Description], [OwnerID], [Icon], [IsIncomeCategory], [BackgroundColor], [CreatedOn], [CreatedBy], [ModifiedOn], [ModifiedBy]) VALUES (N'6d04f027-0998-e311-821b-00215e73190e', N'Personal & Leisure', NULL, N'icon-smile', 0, N'#FFFF00  ', '20140217 13:25:00.000', N'James', NULL, NULL)
	INSERT INTO [freebyTrack].[BudgetCategoryTemplates] ([ID], [Description], [OwnerID], [Icon], [IsIncomeCategory], [BackgroundColor], [CreatedOn], [CreatedBy], [ModifiedOn], [ModifiedBy]) VALUES (N'81cd80e6-fd53-e411-b0a0-00215e73190e', N'Recurring Expenses', NULL, N'icon-refresh', 0, N'#AAAAAA  ', '20141014 18:57:00.000', N'James', NULL, NULL)
	INSERT INTO [freebyTrack].[BudgetCategoryTemplates] ([ID], [Description], [OwnerID], [Icon], [IsIncomeCategory], [BackgroundColor], [CreatedOn], [CreatedBy], [ModifiedOn], [ModifiedBy]) VALUES (N'89ef7b94-4798-e311-821b-00215e73190e', N'Services', NULL, N'icon-user', 0, N'#FF66FF  ', '20140217 20:51:00.000', N'James', NULL, NULL)
	INSERT INTO [freebyTrack].[BudgetCategoryTemplates] ([ID], [Description], [OwnerID], [Icon], [IsIncomeCategory], [BackgroundColor], [CreatedOn], [CreatedBy], [ModifiedOn], [ModifiedBy]) VALUES (N'9dc4caf1-0898-e311-821b-00215e73190e', N'Charity', NULL, N'icon-heart', 0, N'#FF9999  ', '20140217 13:25:00.000', N'James', NULL, NULL)
	INSERT INTO [freebyTrack].[BudgetCategoryTemplates] ([ID], [Description], [OwnerID], [Icon], [IsIncomeCategory], [BackgroundColor], [CreatedOn], [CreatedBy], [ModifiedOn], [ModifiedBy]) VALUES (N'a7fc7a7b-5f86-e311-821b-00215e73190e', N'Monthly Income', NULL, N'icon-money', 1, N'#FFFF00  ', '20140126 01:57:21.733', N'James', '20140216 10:26:50.737', N'James')
	INSERT INTO [freebyTrack].[BudgetCategoryTemplates] ([ID], [Description], [OwnerID], [Icon], [IsIncomeCategory], [BackgroundColor], [CreatedOn], [CreatedBy], [ModifiedOn], [ModifiedBy]) VALUES (N'adfc7a7b-5f86-e311-821b-00215e73190e', N'Food & Essentials', NULL, N'icon-food', 0, N'#0000FF  ', '20140126 01:57:21.737', N'James', NULL, NULL)
	INSERT INTO [freebyTrack].[BudgetCategoryTemplates] ([ID], [Description], [OwnerID], [Icon], [IsIncomeCategory], [BackgroundColor], [CreatedOn], [CreatedBy], [ModifiedOn], [ModifiedBy]) VALUES (N'b5fc7a7b-5f86-e311-821b-00215e73190e', N'Housing', NULL, N'icon-home', 0, N'#FF0080  ', '20140126 01:57:21.737', N'James', NULL, NULL)
	INSERT INTO [freebyTrack].[BudgetCategoryTemplates] ([ID], [Description], [OwnerID], [Icon], [IsIncomeCategory], [BackgroundColor], [CreatedOn], [CreatedBy], [ModifiedOn], [ModifiedBy]) VALUES (N'bcfc7a7b-5f86-e311-821b-00215e73190e', N'Utilities', NULL, N'icon-bolt', 0, N'#00FF00  ', '20140126 01:57:21.737', N'James', NULL, NULL)
	INSERT INTO [freebyTrack].[BudgetCategoryTemplates] ([ID], [Description], [OwnerID], [Icon], [IsIncomeCategory], [BackgroundColor], [CreatedOn], [CreatedBy], [ModifiedOn], [ModifiedBy]) VALUES (N'ccfc7a7b-5f86-e311-821b-00215e73190e', N'Transportation', NULL, N'icon-truck', 0, N'#00FFFF  ', '20140126 01:57:21.737', N'James', NULL, NULL)
	INSERT INTO [freebyTrack].[BudgetCategoryTemplates] ([ID], [Description], [OwnerID], [Icon], [IsIncomeCategory], [BackgroundColor], [CreatedOn], [CreatedBy], [ModifiedOn], [ModifiedBy]) VALUES (N'd2fc7a7b-5f86-e311-821b-00215e73190e', N'Medical', NULL, N'icon-stethoscope', 0, N'#000000  ', '20140126 01:57:21.737', N'James', NULL, NULL)
	INSERT INTO [freebyTrack].[BudgetCategoryTemplates] ([ID], [Description], [OwnerID], [Icon], [IsIncomeCategory], [BackgroundColor], [CreatedOn], [CreatedBy], [ModifiedOn], [ModifiedBy]) VALUES (N'd8fc7a7b-5f86-e311-821b-00215e73190e', N'Savings', NULL, N'icon-money', 0, N'#FF0040  ', '20140126 01:57:21.737', N'James', NULL, NULL)
	INSERT INTO [freebyTrack].[BudgetCategoryTemplates] ([ID], [Description], [OwnerID], [Icon], [IsIncomeCategory], [BackgroundColor], [CreatedOn], [CreatedBy], [ModifiedOn], [ModifiedBy]) VALUES (N'dcfc7a7b-5f86-e311-821b-00215e73190e', N'Debt', NULL, N'icon-credit-card', 0, N'#A4A4A4  ', '20140126 01:57:21.737', N'James', NULL, NULL)
	INSERT INTO [freebyTrack].[BudgetCategoryTemplates] ([ID], [Description], [OwnerID], [Icon], [IsIncomeCategory], [BackgroundColor], [CreatedOn], [CreatedBy], [ModifiedOn], [ModifiedBy]) VALUES (N'e2fc7a7b-5f86-e311-821b-00215e73190e', N'Misc. Purchases', NULL, N'icon-shopping-cart', 0, N'#FF8000  ', '20140126 01:57:21.737', N'James', NULL, NULL)
	INSERT INTO [freebyTrack].[BudgetCategoryTemplates] ([ID], [Description], [OwnerID], [Icon], [IsIncomeCategory], [BackgroundColor], [CreatedOn], [CreatedBy], [ModifiedOn], [ModifiedBy]) VALUES (N'f3e8c275-e6ab-e311-821b-00215e73190e', N'Insurance', NULL, N'icon-user', 0, N'#FF8000  ', '20140314 21:06:00.000', N'James', NULL, NULL)
END
IF NOT EXISTS (SELECT TOP 1 Id FROM freebyTrack.BudgetItemTemplates)
BEGIN
	INSERT INTO [freebyTrack].[BudgetItemTemplates] ([ID], [CategoryTemplateID], [Description], [OwnerID], [IsLinkable], [LinkableAccountTypeID], [LinkableAccountTemplateID], [IsTransferable], [TransferableAccountTypeID], [TransferableAccountTemplateID], [IsEnvelopeAllowed], [CreatedOn], [CreatedBy], [ModifiedOn], [ModifiedBy]) VALUES (N'012912dd-3f98-e311-821b-00215e73190e', N'9dc4caf1-0898-e311-821b-00215e73190e', N'Charitable Organization Donation', NULL, 0, NULL, NULL, 0, NULL, NULL, 0, '20140217 19:56:00.000', N'James', NULL, NULL)
	INSERT INTO [freebyTrack].[BudgetItemTemplates] ([ID], [CategoryTemplateID], [Description], [OwnerID], [IsLinkable], [LinkableAccountTypeID], [LinkableAccountTemplateID], [IsTransferable], [TransferableAccountTypeID], [TransferableAccountTemplateID], [IsEnvelopeAllowed], [CreatedOn], [CreatedBy], [ModifiedOn], [ModifiedBy]) VALUES (N'01d3d4b1-3f98-e311-821b-00215e73190e', N'ccfc7a7b-5f86-e311-821b-00215e73190e', N'Other Transportation Expense', NULL, 0, NULL, NULL, 0, NULL, NULL, 0, '20140217 13:45:00.000', N'James', NULL, NULL)
	INSERT INTO [freebyTrack].[BudgetItemTemplates] ([ID], [CategoryTemplateID], [Description], [OwnerID], [IsLinkable], [LinkableAccountTypeID], [LinkableAccountTemplateID], [IsTransferable], [TransferableAccountTypeID], [TransferableAccountTemplateID], [IsEnvelopeAllowed], [CreatedOn], [CreatedBy], [ModifiedOn], [ModifiedBy]) VALUES (N'0a249b98-4198-e311-821b-00215e73190e', N'1ca1d03b-4198-e311-821b-00215e73190e', N'Antiques', NULL, 1, 1, NULL, 0, NULL, NULL, 0, '20140217 20:09:00.000', N'James', NULL, NULL)
	INSERT INTO [freebyTrack].[BudgetItemTemplates] ([ID], [CategoryTemplateID], [Description], [OwnerID], [IsLinkable], [LinkableAccountTypeID], [LinkableAccountTemplateID], [IsTransferable], [TransferableAccountTypeID], [TransferableAccountTemplateID], [IsEnvelopeAllowed], [CreatedOn], [CreatedBy], [ModifiedOn], [ModifiedBy]) VALUES (N'0caef5c5-e6ab-e311-821b-00215e73190e', N'f3e8c275-e6ab-e311-821b-00215e73190e', N'Blanket Insurance', NULL, 0, NULL, NULL, 0, NULL, NULL, 0, '20140314 11:08:00.000', N'James', NULL, NULL)
	INSERT INTO [freebyTrack].[BudgetItemTemplates] ([ID], [CategoryTemplateID], [Description], [OwnerID], [IsLinkable], [LinkableAccountTypeID], [LinkableAccountTemplateID], [IsTransferable], [TransferableAccountTypeID], [TransferableAccountTemplateID], [IsEnvelopeAllowed], [CreatedOn], [CreatedBy], [ModifiedOn], [ModifiedBy]) VALUES (N'0e7579fc-4798-e311-821b-00215e73190e', N'd2fc7a7b-5f86-e311-821b-00215e73190e', N'Miscellaneous Medical Service', NULL, 0, NULL, NULL, 0, NULL, NULL, 0, '20140217 20:54:00.000', N'James', NULL, NULL)
	INSERT INTO [freebyTrack].[BudgetItemTemplates] ([ID], [CategoryTemplateID], [Description], [OwnerID], [IsLinkable], [LinkableAccountTypeID], [LinkableAccountTemplateID], [IsTransferable], [TransferableAccountTypeID], [TransferableAccountTemplateID], [IsEnvelopeAllowed], [CreatedOn], [CreatedBy], [ModifiedOn], [ModifiedBy]) VALUES (N'0f902abc-e6ab-e311-821b-00215e73190e', N'f3e8c275-e6ab-e311-821b-00215e73190e', N'Home and Auto Insurance', NULL, 0, NULL, NULL, 0, NULL, NULL, 0, '20140314 11:08:00.000', N'James', NULL, NULL)
	INSERT INTO [freebyTrack].[BudgetItemTemplates] ([ID], [CategoryTemplateID], [Description], [OwnerID], [IsLinkable], [LinkableAccountTypeID], [LinkableAccountTemplateID], [IsTransferable], [TransferableAccountTypeID], [TransferableAccountTemplateID], [IsEnvelopeAllowed], [CreatedOn], [CreatedBy], [ModifiedOn], [ModifiedBy]) VALUES (N'10aff518-4398-e311-821b-00215e73190e', N'e2fc7a7b-5f86-e311-821b-00215e73190e', N'Baby Necessities', NULL, 0, NULL, NULL, 0, NULL, NULL, 0, '20140217 20:19:00.000', N'James', NULL, NULL)
	INSERT INTO [freebyTrack].[BudgetItemTemplates] ([ID], [CategoryTemplateID], [Description], [OwnerID], [IsLinkable], [LinkableAccountTypeID], [LinkableAccountTemplateID], [IsTransferable], [TransferableAccountTypeID], [TransferableAccountTemplateID], [IsEnvelopeAllowed], [CreatedOn], [CreatedBy], [ModifiedOn], [ModifiedBy]) VALUES (N'110c5e0c-0bcc-e311-821b-00215e73190e', N'e2fc7a7b-5f86-e311-821b-00215e73190e', N'Computer Equipment Purchase', NULL, 0, NULL, NULL, 0, NULL, NULL, 0, '20140424 18:49:00.000', N'James', NULL, NULL)
	INSERT INTO [freebyTrack].[BudgetItemTemplates] ([ID], [CategoryTemplateID], [Description], [OwnerID], [IsLinkable], [LinkableAccountTypeID], [LinkableAccountTemplateID], [IsTransferable], [TransferableAccountTypeID], [TransferableAccountTemplateID], [IsEnvelopeAllowed], [CreatedOn], [CreatedBy], [ModifiedOn], [ModifiedBy]) VALUES (N'1125a047-4098-e311-821b-00215e73190e', N'6d04f027-0998-e311-821b-00215e73190e', N'Miscellaneous Purchase', NULL, 0, NULL, NULL, 0, NULL, NULL, 1, '20140217 19:59:00.000', N'James', NULL, NULL)
	INSERT INTO [freebyTrack].[BudgetItemTemplates] ([ID], [CategoryTemplateID], [Description], [OwnerID], [IsLinkable], [LinkableAccountTypeID], [LinkableAccountTemplateID], [IsTransferable], [TransferableAccountTypeID], [TransferableAccountTemplateID], [IsEnvelopeAllowed], [CreatedOn], [CreatedBy], [ModifiedOn], [ModifiedBy]) VALUES (N'12328cbf-0998-e311-821b-00215e73190e', N'b5fc7a7b-5f86-e311-821b-00215e73190e', N'Home Equity Loan', NULL, 1, 3, N'd235d08d-46cf-e311-821b-00215e73190e', 0, NULL, NULL, 0, '20140217 13:28:00.000', N'James', NULL, NULL)
	INSERT INTO [freebyTrack].[BudgetItemTemplates] ([ID], [CategoryTemplateID], [Description], [OwnerID], [IsLinkable], [LinkableAccountTypeID], [LinkableAccountTemplateID], [IsTransferable], [TransferableAccountTypeID], [TransferableAccountTemplateID], [IsEnvelopeAllowed], [CreatedOn], [CreatedBy], [ModifiedOn], [ModifiedBy]) VALUES (N'138a34e2-12cc-e311-821b-00215e73190e', N'6d04f027-0998-e311-821b-00215e73190e', N'Vacation Spending Money', NULL, 1, 1, NULL, 0, NULL, NULL, 0, '20140424 09:44:00.000', N'James', NULL, NULL)
	INSERT INTO [freebyTrack].[BudgetItemTemplates] ([ID], [CategoryTemplateID], [Description], [OwnerID], [IsLinkable], [LinkableAccountTypeID], [LinkableAccountTemplateID], [IsTransferable], [TransferableAccountTypeID], [TransferableAccountTemplateID], [IsEnvelopeAllowed], [CreatedOn], [CreatedBy], [ModifiedOn], [ModifiedBy]) VALUES (N'14f8b927-4398-e311-821b-00215e73190e', N'e2fc7a7b-5f86-e311-821b-00215e73190e', N'School Supplies', NULL, 0, NULL, NULL, 0, NULL, NULL, 0, '20140217 20:19:00.000', N'James', NULL, NULL)
	INSERT INTO [freebyTrack].[BudgetItemTemplates] ([ID], [CategoryTemplateID], [Description], [OwnerID], [IsLinkable], [LinkableAccountTypeID], [LinkableAccountTemplateID], [IsTransferable], [TransferableAccountTypeID], [TransferableAccountTemplateID], [IsEnvelopeAllowed], [CreatedOn], [CreatedBy], [ModifiedOn], [ModifiedBy]) VALUES (N'15782507-179d-e311-821b-00215e73190e', N'337334e8-169d-e311-821b-00215e73190e', N'Software License Purchase', NULL, 0, NULL, NULL, 0, NULL, NULL, 0, '20140223 23:46:00.000', N'James', NULL, NULL)
	INSERT INTO [freebyTrack].[BudgetItemTemplates] ([ID], [CategoryTemplateID], [Description], [OwnerID], [IsLinkable], [LinkableAccountTypeID], [LinkableAccountTemplateID], [IsTransferable], [TransferableAccountTypeID], [TransferableAccountTemplateID], [IsEnvelopeAllowed], [CreatedOn], [CreatedBy], [ModifiedOn], [ModifiedBy]) VALUES (N'17b67dd1-98a4-e311-821b-00215e73190e', N'bcfc7a7b-5f86-e311-821b-00215e73190e', N'Cable Bill', NULL, 0, NULL, NULL, 0, NULL, NULL, 0, '20140305 13:03:00.000', N'James', NULL, NULL)
	INSERT INTO [freebyTrack].[BudgetItemTemplates] ([ID], [CategoryTemplateID], [Description], [OwnerID], [IsLinkable], [LinkableAccountTypeID], [LinkableAccountTemplateID], [IsTransferable], [TransferableAccountTypeID], [TransferableAccountTemplateID], [IsEnvelopeAllowed], [CreatedOn], [CreatedBy], [ModifiedOn], [ModifiedBy]) VALUES (N'1a0d2f09-36d3-e311-821b-00215e73190e', N'adfc7a7b-5f86-e311-821b-00215e73190e', N'Misc. Food Purchase', NULL, 0, NULL, NULL, 0, NULL, NULL, 0, '20140503 21:44:00.000', N'James', NULL, NULL)
	INSERT INTO [freebyTrack].[BudgetItemTemplates] ([ID], [CategoryTemplateID], [Description], [OwnerID], [IsLinkable], [LinkableAccountTypeID], [LinkableAccountTemplateID], [IsTransferable], [TransferableAccountTypeID], [TransferableAccountTemplateID], [IsEnvelopeAllowed], [CreatedOn], [CreatedBy], [ModifiedOn], [ModifiedBy]) VALUES (N'1c256305-4498-e311-821b-00215e73190e', N'd8fc7a7b-5f86-e311-821b-00215e73190e', N'Other Savings', NULL, 1, 1, NULL, 0, NULL, NULL, 0, '20140217 20:26:00.000', N'James', NULL, NULL)
	INSERT INTO [freebyTrack].[BudgetItemTemplates] ([ID], [CategoryTemplateID], [Description], [OwnerID], [IsLinkable], [LinkableAccountTypeID], [LinkableAccountTemplateID], [IsTransferable], [TransferableAccountTypeID], [TransferableAccountTemplateID], [IsEnvelopeAllowed], [CreatedOn], [CreatedBy], [ModifiedOn], [ModifiedBy]) VALUES (N'1cc7b6f4-c141-e411-b0a0-00215e73190e', N'd2fc7a7b-5f86-e311-821b-00215e73190e', N'Prescription Glasses or Contacts', NULL, 0, NULL, NULL, 0, NULL, NULL, 0, '20140921 14:03:00.000', N'James', NULL, NULL)
	INSERT INTO [freebyTrack].[BudgetItemTemplates] ([ID], [CategoryTemplateID], [Description], [OwnerID], [IsLinkable], [LinkableAccountTypeID], [LinkableAccountTemplateID], [IsTransferable], [TransferableAccountTypeID], [TransferableAccountTemplateID], [IsEnvelopeAllowed], [CreatedOn], [CreatedBy], [ModifiedOn], [ModifiedBy]) VALUES (N'1f2e74f0-4398-e311-821b-00215e73190e', N'd8fc7a7b-5f86-e311-821b-00215e73190e', N'Savings for Children', NULL, 1, 1, NULL, 0, NULL, NULL, 0, '20140217 20:25:00.000', N'James', NULL, NULL)
	INSERT INTO [freebyTrack].[BudgetItemTemplates] ([ID], [CategoryTemplateID], [Description], [OwnerID], [IsLinkable], [LinkableAccountTypeID], [LinkableAccountTemplateID], [IsTransferable], [TransferableAccountTypeID], [TransferableAccountTemplateID], [IsEnvelopeAllowed], [CreatedOn], [CreatedBy], [ModifiedOn], [ModifiedBy]) VALUES (N'21f55470-63a9-e411-b2f9-00215e73190e', N'b5fc7a7b-5f86-e311-821b-00215e73190e', N'Real Estate Purchase Funding', NULL, 0, NULL, NULL, 0, NULL, NULL, 0, '20150131 10:08:00.000', N'James', NULL, NULL)
	INSERT INTO [freebyTrack].[BudgetItemTemplates] ([ID], [CategoryTemplateID], [Description], [OwnerID], [IsLinkable], [LinkableAccountTypeID], [LinkableAccountTemplateID], [IsTransferable], [TransferableAccountTypeID], [TransferableAccountTemplateID], [IsEnvelopeAllowed], [CreatedOn], [CreatedBy], [ModifiedOn], [ModifiedBy]) VALUES (N'22a1d896-fe53-e411-b0a0-00215e73190e', N'81cd80e6-fd53-e411-b0a0-00215e73190e', N'Alimony', NULL, 1, 1, NULL, 0, NULL, NULL, 0, '20141014 09:02:00.000', N'James', NULL, NULL)
	INSERT INTO [freebyTrack].[BudgetItemTemplates] ([ID], [CategoryTemplateID], [Description], [OwnerID], [IsLinkable], [LinkableAccountTypeID], [LinkableAccountTemplateID], [IsTransferable], [TransferableAccountTypeID], [TransferableAccountTemplateID], [IsEnvelopeAllowed], [CreatedOn], [CreatedBy], [ModifiedOn], [ModifiedBy]) VALUES (N'27d49497-4698-e311-821b-00215e73190e', N'89ef7b94-4798-e311-821b-00215e73190e', N'Lawn Services', NULL, 0, NULL, NULL, 0, NULL, NULL, 1, '20140217 20:44:00.000', N'James', NULL, NULL)
	INSERT INTO [freebyTrack].[BudgetItemTemplates] ([ID], [CategoryTemplateID], [Description], [OwnerID], [IsLinkable], [LinkableAccountTypeID], [LinkableAccountTemplateID], [IsTransferable], [TransferableAccountTypeID], [TransferableAccountTemplateID], [IsEnvelopeAllowed], [CreatedOn], [CreatedBy], [ModifiedOn], [ModifiedBy]) VALUES (N'2b33c39a-72b8-e311-821b-00215e73190e', N'337334e8-169d-e311-821b-00215e73190e', N'Office Supplies', NULL, 0, NULL, NULL, 0, NULL, NULL, 0, '20140330 10:20:00.000', N'James', NULL, NULL)
	INSERT INTO [freebyTrack].[BudgetItemTemplates] ([ID], [CategoryTemplateID], [Description], [OwnerID], [IsLinkable], [LinkableAccountTypeID], [LinkableAccountTemplateID], [IsTransferable], [TransferableAccountTypeID], [TransferableAccountTemplateID], [IsEnvelopeAllowed], [CreatedOn], [CreatedBy], [ModifiedOn], [ModifiedBy]) VALUES (N'2f5e507a-b1af-e411-b2f9-00215e73190e', N'a7fc7a7b-5f86-e311-821b-00215e73190e', N'Real Estate Refinance Proceeds', NULL, 1, 1, NULL, 0, NULL, NULL, 0, '20150208 10:42:00.000', N'James', NULL, NULL)
	INSERT INTO [freebyTrack].[BudgetItemTemplates] ([ID], [CategoryTemplateID], [Description], [OwnerID], [IsLinkable], [LinkableAccountTypeID], [LinkableAccountTemplateID], [IsTransferable], [TransferableAccountTypeID], [TransferableAccountTemplateID], [IsEnvelopeAllowed], [CreatedOn], [CreatedBy], [ModifiedOn], [ModifiedBy]) VALUES (N'31e88b28-4098-e311-821b-00215e73190e', N'6d04f027-0998-e311-821b-00215e73190e', N'Blow Money', NULL, 1, 1, NULL, 0, NULL, NULL, 1, '20140217 19:58:00.000', N'James', NULL, NULL)
	INSERT INTO [freebyTrack].[BudgetItemTemplates] ([ID], [CategoryTemplateID], [Description], [OwnerID], [IsLinkable], [LinkableAccountTypeID], [LinkableAccountTemplateID], [IsTransferable], [TransferableAccountTypeID], [TransferableAccountTemplateID], [IsEnvelopeAllowed], [CreatedOn], [CreatedBy], [ModifiedOn], [ModifiedBy]) VALUES (N'31fdda78-4098-e311-821b-00215e73190e', N'e2fc7a7b-5f86-e311-821b-00215e73190e', N'Home Decor', NULL, 1, 1, NULL, 0, NULL, NULL, 0, '20140217 19:59:00.000', N'James', NULL, NULL)
	INSERT INTO [freebyTrack].[BudgetItemTemplates] ([ID], [CategoryTemplateID], [Description], [OwnerID], [IsLinkable], [LinkableAccountTypeID], [LinkableAccountTemplateID], [IsTransferable], [TransferableAccountTypeID], [TransferableAccountTemplateID], [IsEnvelopeAllowed], [CreatedOn], [CreatedBy], [ModifiedOn], [ModifiedBy]) VALUES (N'3333f696-a3b0-e311-821b-00215e73190e', N'a7fc7a7b-5f86-e311-821b-00215e73190e', N'State Tax Return', NULL, 1, 1, NULL, 0, NULL, NULL, 0, '20140320 21:50:00.000', N'James', NULL, NULL)
	INSERT INTO [freebyTrack].[BudgetItemTemplates] ([ID], [CategoryTemplateID], [Description], [OwnerID], [IsLinkable], [LinkableAccountTypeID], [LinkableAccountTemplateID], [IsTransferable], [TransferableAccountTypeID], [TransferableAccountTemplateID], [IsEnvelopeAllowed], [CreatedOn], [CreatedBy], [ModifiedOn], [ModifiedBy]) VALUES (N'37970b5d-4498-e311-821b-00215e73190e', N'dcfc7a7b-5f86-e311-821b-00215e73190e', N'Home Equity Loan Paydown', NULL, 1, 3, N'd235d08d-46cf-e311-821b-00215e73190e', 0, NULL, NULL, 0, '20140217 20:28:00.000', N'James', NULL, NULL)
	INSERT INTO [freebyTrack].[BudgetItemTemplates] ([ID], [CategoryTemplateID], [Description], [OwnerID], [IsLinkable], [LinkableAccountTypeID], [LinkableAccountTemplateID], [IsTransferable], [TransferableAccountTypeID], [TransferableAccountTemplateID], [IsEnvelopeAllowed], [CreatedOn], [CreatedBy], [ModifiedOn], [ModifiedBy]) VALUES (N'39ee72c9-12cc-e311-821b-00215e73190e', N'6d04f027-0998-e311-821b-00215e73190e', N'Car Rental', NULL, 0, NULL, NULL, 0, NULL, NULL, 0, '20140424 19:44:00.000', N'James', NULL, NULL)
	INSERT INTO [freebyTrack].[BudgetItemTemplates] ([ID], [CategoryTemplateID], [Description], [OwnerID], [IsLinkable], [LinkableAccountTypeID], [LinkableAccountTemplateID], [IsTransferable], [TransferableAccountTypeID], [TransferableAccountTemplateID], [IsEnvelopeAllowed], [CreatedOn], [CreatedBy], [ModifiedOn], [ModifiedBy]) VALUES (N'3ad708ce-10cc-e311-821b-00215e73190e', N'e2fc7a7b-5f86-e311-821b-00215e73190e', N'Pet Supplies', NULL, 0, NULL, NULL, 0, NULL, NULL, 1, '20140424 19:30:00.000', N'James', NULL, NULL)
	INSERT INTO [freebyTrack].[BudgetItemTemplates] ([ID], [CategoryTemplateID], [Description], [OwnerID], [IsLinkable], [LinkableAccountTypeID], [LinkableAccountTemplateID], [IsTransferable], [TransferableAccountTypeID], [TransferableAccountTemplateID], [IsEnvelopeAllowed], [CreatedOn], [CreatedBy], [ModifiedOn], [ModifiedBy]) VALUES (N'3ca6a729-df99-e311-821b-00215e73190e', N'ccfc7a7b-5f86-e311-821b-00215e73190e', N'Car Payment', NULL, 1, 3, N'8c9fac5d-47cf-e311-821b-00215e73190e', 0, NULL, NULL, 0, '20140219 21:29:00.000', N'James', NULL, NULL)
	INSERT INTO [freebyTrack].[BudgetItemTemplates] ([ID], [CategoryTemplateID], [Description], [OwnerID], [IsLinkable], [LinkableAccountTypeID], [LinkableAccountTemplateID], [IsTransferable], [TransferableAccountTypeID], [TransferableAccountTemplateID], [IsEnvelopeAllowed], [CreatedOn], [CreatedBy], [ModifiedOn], [ModifiedBy]) VALUES (N'3d9e5c02-4298-e311-821b-00215e73190e', N'd2fc7a7b-5f86-e311-821b-00215e73190e', N'Health Insurance', NULL, 0, NULL, NULL, 0, NULL, NULL, 0, '20140217 20:17:00.000', N'James', NULL, NULL)
	INSERT INTO [freebyTrack].[BudgetItemTemplates] ([ID], [CategoryTemplateID], [Description], [OwnerID], [IsLinkable], [LinkableAccountTypeID], [LinkableAccountTemplateID], [IsTransferable], [TransferableAccountTypeID], [TransferableAccountTemplateID], [IsEnvelopeAllowed], [CreatedOn], [CreatedBy], [ModifiedOn], [ModifiedBy]) VALUES (N'3dc4926a-4498-e311-821b-00215e73190e', N'dcfc7a7b-5f86-e311-821b-00215e73190e', N'Personal Loan', NULL, 1, 3, N'484c7f35-facc-e311-821b-00215e73190e', 0, NULL, NULL, 0, '20140217 20:28:00.000', N'James', NULL, NULL)
	INSERT INTO [freebyTrack].[BudgetItemTemplates] ([ID], [CategoryTemplateID], [Description], [OwnerID], [IsLinkable], [LinkableAccountTypeID], [LinkableAccountTemplateID], [IsTransferable], [TransferableAccountTypeID], [TransferableAccountTemplateID], [IsEnvelopeAllowed], [CreatedOn], [CreatedBy], [ModifiedOn], [ModifiedBy]) VALUES (N'450edf7e-12cc-e311-821b-00215e73190e', N'6d04f027-0998-e311-821b-00215e73190e', N'Plane Tickets', NULL, 1, 1, NULL, 0, NULL, NULL, 0, '20140424 19:42:00.000', N'James', NULL, NULL)
	INSERT INTO [freebyTrack].[BudgetItemTemplates] ([ID], [CategoryTemplateID], [Description], [OwnerID], [IsLinkable], [LinkableAccountTypeID], [LinkableAccountTemplateID], [IsTransferable], [TransferableAccountTypeID], [TransferableAccountTemplateID], [IsEnvelopeAllowed], [CreatedOn], [CreatedBy], [ModifiedOn], [ModifiedBy]) VALUES (N'455e87d9-4398-e311-821b-00215e73190e', N'd8fc7a7b-5f86-e311-821b-00215e73190e', N'Personal Savings', NULL, 1, 1, NULL, 0, NULL, NULL, 0, '20140217 20:24:00.000', N'James', NULL, NULL)
	INSERT INTO [freebyTrack].[BudgetItemTemplates] ([ID], [CategoryTemplateID], [Description], [OwnerID], [IsLinkable], [LinkableAccountTypeID], [LinkableAccountTemplateID], [IsTransferable], [TransferableAccountTypeID], [TransferableAccountTemplateID], [IsEnvelopeAllowed], [CreatedOn], [CreatedBy], [ModifiedOn], [ModifiedBy]) VALUES (N'45c83960-4198-e311-821b-00215e73190e', N'1ca1d03b-4198-e311-821b-00215e73190e', N'401K or Roth IRA', NULL, 1, NULL, NULL, 0, NULL, NULL, 0, '20140217 20:07:00.000', N'James', NULL, NULL)
	INSERT INTO [freebyTrack].[BudgetItemTemplates] ([ID], [CategoryTemplateID], [Description], [OwnerID], [IsLinkable], [LinkableAccountTypeID], [LinkableAccountTemplateID], [IsTransferable], [TransferableAccountTypeID], [TransferableAccountTemplateID], [IsEnvelopeAllowed], [CreatedOn], [CreatedBy], [ModifiedOn], [ModifiedBy]) VALUES (N'45d73bd2-aeb2-e311-821b-00215e73190e', N'e2fc7a7b-5f86-e311-821b-00215e73190e', N'Major Home Appliance', NULL, 1, 1, NULL, 0, NULL, NULL, 0, '20140323 12:16:00.000', N'James', NULL, NULL)
	INSERT INTO [freebyTrack].[BudgetItemTemplates] ([ID], [CategoryTemplateID], [Description], [OwnerID], [IsLinkable], [LinkableAccountTypeID], [LinkableAccountTemplateID], [IsTransferable], [TransferableAccountTypeID], [TransferableAccountTemplateID], [IsEnvelopeAllowed], [CreatedOn], [CreatedBy], [ModifiedOn], [ModifiedBy]) VALUES (N'4a686021-4298-e311-821b-00215e73190e', N'd2fc7a7b-5f86-e311-821b-00215e73190e', N'Vision Insurance', NULL, 0, NULL, NULL, 0, NULL, NULL, 0, '20140217 20:12:00.000', N'James', NULL, NULL)
	INSERT INTO [freebyTrack].[BudgetItemTemplates] ([ID], [CategoryTemplateID], [Description], [OwnerID], [IsLinkable], [LinkableAccountTypeID], [LinkableAccountTemplateID], [IsTransferable], [TransferableAccountTypeID], [TransferableAccountTemplateID], [IsEnvelopeAllowed], [CreatedOn], [CreatedBy], [ModifiedOn], [ModifiedBy]) VALUES (N'4eaa2a40-4298-e311-821b-00215e73190e', N'b5fc7a7b-5f86-e311-821b-00215e73190e', N'Home Insurance', NULL, 0, NULL, NULL, 0, NULL, NULL, 0, '20140217 20:13:00.000', N'James', NULL, NULL)
	INSERT INTO [freebyTrack].[BudgetItemTemplates] ([ID], [CategoryTemplateID], [Description], [OwnerID], [IsLinkable], [LinkableAccountTypeID], [LinkableAccountTemplateID], [IsTransferable], [TransferableAccountTypeID], [TransferableAccountTemplateID], [IsEnvelopeAllowed], [CreatedOn], [CreatedBy], [ModifiedOn], [ModifiedBy]) VALUES (N'5363a390-72b8-e311-821b-00215e73190e', N'337334e8-169d-e311-821b-00215e73190e', N'Computer Equipment Purchase', NULL, 1, 1, NULL, 0, NULL, NULL, 0, '20140330 20:19:00.000', N'James', NULL, NULL)
	INSERT INTO [freebyTrack].[BudgetItemTemplates] ([ID], [CategoryTemplateID], [Description], [OwnerID], [IsLinkable], [LinkableAccountTypeID], [LinkableAccountTemplateID], [IsTransferable], [TransferableAccountTypeID], [TransferableAccountTemplateID], [IsEnvelopeAllowed], [CreatedOn], [CreatedBy], [ModifiedOn], [ModifiedBy]) VALUES (N'54841a09-99a4-e311-821b-00215e73190e', N'e2fc7a7b-5f86-e311-821b-00215e73190e', N'Ammo', N'3dc480f1-5586-e311-821b-00215e73190e', 0, NULL, NULL, 0, NULL, NULL, 0, '20140305 13:04:00.000', N'James', NULL, NULL)
	INSERT INTO [freebyTrack].[BudgetItemTemplates] ([ID], [CategoryTemplateID], [Description], [OwnerID], [IsLinkable], [LinkableAccountTypeID], [LinkableAccountTemplateID], [IsTransferable], [TransferableAccountTypeID], [TransferableAccountTemplateID], [IsEnvelopeAllowed], [CreatedOn], [CreatedBy], [ModifiedOn], [ModifiedBy]) VALUES (N'54d48f54-4298-e311-821b-00215e73190e', N'b5fc7a7b-5f86-e311-821b-00215e73190e', N'Blanket Insurance', NULL, 0, NULL, NULL, 0, NULL, NULL, 0, '20140217 20:13:00.000', N'James', NULL, NULL)
	INSERT INTO [freebyTrack].[BudgetItemTemplates] ([ID], [CategoryTemplateID], [Description], [OwnerID], [IsLinkable], [LinkableAccountTypeID], [LinkableAccountTemplateID], [IsTransferable], [TransferableAccountTypeID], [TransferableAccountTemplateID], [IsEnvelopeAllowed], [CreatedOn], [CreatedBy], [ModifiedOn], [ModifiedBy]) VALUES (N'55586063-e1ab-e311-821b-00215e73190e', N'b5fc7a7b-5f86-e311-821b-00215e73190e', N'Property Taxes', NULL, 1, 1, NULL, 0, NULL, NULL, 0, '20140314 20:30:00.000', N'James', NULL, NULL)
	INSERT INTO [freebyTrack].[BudgetItemTemplates] ([ID], [CategoryTemplateID], [Description], [OwnerID], [IsLinkable], [LinkableAccountTypeID], [LinkableAccountTemplateID], [IsTransferable], [TransferableAccountTypeID], [TransferableAccountTemplateID], [IsEnvelopeAllowed], [CreatedOn], [CreatedBy], [ModifiedOn], [ModifiedBy]) VALUES (N'567e1edd-5da3-e311-821b-00215e73190e', N'e2fc7a7b-5f86-e311-821b-00215e73190e', N'Gift Purchase', NULL, 0, NULL, NULL, 0, NULL, NULL, 0, '20140303 23:28:00.000', N'James', NULL, NULL)
	INSERT INTO [freebyTrack].[BudgetItemTemplates] ([ID], [CategoryTemplateID], [Description], [OwnerID], [IsLinkable], [LinkableAccountTypeID], [LinkableAccountTemplateID], [IsTransferable], [TransferableAccountTypeID], [TransferableAccountTemplateID], [IsEnvelopeAllowed], [CreatedOn], [CreatedBy], [ModifiedOn], [ModifiedBy]) VALUES (N'5a9d5663-a3b0-e311-821b-00215e73190e', N'a7fc7a7b-5f86-e311-821b-00215e73190e', N'Federal Tax Return', NULL, 1, 1, NULL, 0, NULL, NULL, 0, '20140320 21:49:00.000', N'James', NULL, NULL)
	INSERT INTO [freebyTrack].[BudgetItemTemplates] ([ID], [CategoryTemplateID], [Description], [OwnerID], [IsLinkable], [LinkableAccountTypeID], [LinkableAccountTemplateID], [IsTransferable], [TransferableAccountTypeID], [TransferableAccountTemplateID], [IsEnvelopeAllowed], [CreatedOn], [CreatedBy], [ModifiedOn], [ModifiedBy]) VALUES (N'5aa22955-9ec5-e411-8ae4-00215e73190e', N'89ef7b94-4798-e311-821b-00215e73190e', N'Tax Preparation Services', NULL, 0, NULL, NULL, 0, NULL, NULL, 0, '20150308 09:20:00.000', N'James', NULL, NULL)
	INSERT INTO [freebyTrack].[BudgetItemTemplates] ([ID], [CategoryTemplateID], [Description], [OwnerID], [IsLinkable], [LinkableAccountTypeID], [LinkableAccountTemplateID], [IsTransferable], [TransferableAccountTypeID], [TransferableAccountTemplateID], [IsEnvelopeAllowed], [CreatedOn], [CreatedBy], [ModifiedOn], [ModifiedBy]) VALUES (N'5f33323e-b1af-e411-b2f9-00215e73190e', N'a7fc7a7b-5f86-e311-821b-00215e73190e', N'Rental Property Income', NULL, 1, 1, NULL, 0, NULL, NULL, 0, '20150208 10:40:00.000', N'James', NULL, NULL)
	INSERT INTO [freebyTrack].[BudgetItemTemplates] ([ID], [CategoryTemplateID], [Description], [OwnerID], [IsLinkable], [LinkableAccountTypeID], [LinkableAccountTemplateID], [IsTransferable], [TransferableAccountTypeID], [TransferableAccountTemplateID], [IsEnvelopeAllowed], [CreatedOn], [CreatedBy], [ModifiedOn], [ModifiedBy]) VALUES (N'61c740ef-0b98-e311-821b-00215e73190e', N'ccfc7a7b-5f86-e311-821b-00215e73190e', N'Car Maintenance', NULL, 1, 1, NULL, 0, NULL, NULL, 1, '20140217 13:44:00.000', N'James', NULL, NULL)
	INSERT INTO [freebyTrack].[BudgetItemTemplates] ([ID], [CategoryTemplateID], [Description], [OwnerID], [IsLinkable], [LinkableAccountTypeID], [LinkableAccountTemplateID], [IsTransferable], [TransferableAccountTypeID], [TransferableAccountTemplateID], [IsEnvelopeAllowed], [CreatedOn], [CreatedBy], [ModifiedOn], [ModifiedBy]) VALUES (N'64073990-4498-e311-821b-00215e73190e', N'dcfc7a7b-5f86-e311-821b-00215e73190e', N'Miscellaneous Debt', NULL, 0, NULL, NULL, 0, NULL, NULL, 0, '20140217 20:29:00.000', N'James', NULL, NULL)
	INSERT INTO [freebyTrack].[BudgetItemTemplates] ([ID], [CategoryTemplateID], [Description], [OwnerID], [IsLinkable], [LinkableAccountTypeID], [LinkableAccountTemplateID], [IsTransferable], [TransferableAccountTypeID], [TransferableAccountTemplateID], [IsEnvelopeAllowed], [CreatedOn], [CreatedBy], [ModifiedOn], [ModifiedBy]) VALUES (N'64fbd772-12cc-e311-821b-00215e73190e', N'6d04f027-0998-e311-821b-00215e73190e', N'Vacation Purchase(s)', NULL, 0, NULL, NULL, 0, NULL, NULL, 0, '20140424 19:42:00.000', N'James', NULL, NULL)
	INSERT INTO [freebyTrack].[BudgetItemTemplates] ([ID], [CategoryTemplateID], [Description], [OwnerID], [IsLinkable], [LinkableAccountTypeID], [LinkableAccountTemplateID], [IsTransferable], [TransferableAccountTypeID], [TransferableAccountTemplateID], [IsEnvelopeAllowed], [CreatedOn], [CreatedBy], [ModifiedOn], [ModifiedBy]) VALUES (N'651bafef-1a99-e411-a4cb-00215e73190e', N'89ef7b94-4798-e311-821b-00215e73190e', N'Home Inspection Services', NULL, 0, NULL, NULL, 0, NULL, NULL, 0, '20150110 16:49:00.000', N'James', NULL, NULL)
	INSERT INTO [freebyTrack].[BudgetItemTemplates] ([ID], [CategoryTemplateID], [Description], [OwnerID], [IsLinkable], [LinkableAccountTypeID], [LinkableAccountTemplateID], [IsTransferable], [TransferableAccountTypeID], [TransferableAccountTemplateID], [IsEnvelopeAllowed], [CreatedOn], [CreatedBy], [ModifiedOn], [ModifiedBy]) VALUES (N'663f1d1a-6bb1-e311-821b-00215e73190e', N'a7fc7a7b-5f86-e311-821b-00215e73190e', N'Account Withdrawl', NULL, 1, 1, NULL, 0, NULL, NULL, 0, '20140321 19:38:00.000', N'James', NULL, NULL)
	INSERT INTO [freebyTrack].[BudgetItemTemplates] ([ID], [CategoryTemplateID], [Description], [OwnerID], [IsLinkable], [LinkableAccountTypeID], [LinkableAccountTemplateID], [IsTransferable], [TransferableAccountTypeID], [TransferableAccountTemplateID], [IsEnvelopeAllowed], [CreatedOn], [CreatedBy], [ModifiedOn], [ModifiedBy]) VALUES (N'6b416f9f-4798-e311-821b-00215e73190e', N'89ef7b94-4798-e311-821b-00215e73190e', N'Housekeeping Services', NULL, 0, NULL, NULL, 0, NULL, NULL, 1, '20140217 20:44:00.000', N'James', NULL, NULL)
	INSERT INTO [freebyTrack].[BudgetItemTemplates] ([ID], [CategoryTemplateID], [Description], [OwnerID], [IsLinkable], [LinkableAccountTypeID], [LinkableAccountTemplateID], [IsTransferable], [TransferableAccountTypeID], [TransferableAccountTemplateID], [IsEnvelopeAllowed], [CreatedOn], [CreatedBy], [ModifiedOn], [ModifiedBy]) VALUES (N'71ad0e7c-74b8-e311-821b-00215e73190e', N'e2fc7a7b-5f86-e311-821b-00215e73190e', N'Hair Care', NULL, 0, NULL, NULL, 0, NULL, NULL, 1, '20140330 20:33:00.000', N'James', NULL, NULL)
	INSERT INTO [freebyTrack].[BudgetItemTemplates] ([ID], [CategoryTemplateID], [Description], [OwnerID], [IsLinkable], [LinkableAccountTypeID], [LinkableAccountTemplateID], [IsTransferable], [TransferableAccountTypeID], [TransferableAccountTemplateID], [IsEnvelopeAllowed], [CreatedOn], [CreatedBy], [ModifiedOn], [ModifiedBy]) VALUES (N'725c56a7-a3b0-e311-821b-00215e73190e', N'a7fc7a7b-5f86-e311-821b-00215e73190e', N'Bill Overpayment Refund', NULL, 1, 1, NULL, 0, NULL, NULL, 0, '20140320 21:50:00.000', N'James', NULL, NULL)
	INSERT INTO [freebyTrack].[BudgetItemTemplates] ([ID], [CategoryTemplateID], [Description], [OwnerID], [IsLinkable], [LinkableAccountTypeID], [LinkableAccountTemplateID], [IsTransferable], [TransferableAccountTypeID], [TransferableAccountTemplateID], [IsEnvelopeAllowed], [CreatedOn], [CreatedBy], [ModifiedOn], [ModifiedBy]) VALUES (N'726849e4-0998-e311-821b-00215e73190e', N'b5fc7a7b-5f86-e311-821b-00215e73190e', N'Other Home Expense', NULL, 0, NULL, NULL, 0, NULL, NULL, 1, '20140217 13:29:00.000', N'James', NULL, NULL)
	INSERT INTO [freebyTrack].[BudgetItemTemplates] ([ID], [CategoryTemplateID], [Description], [OwnerID], [IsLinkable], [LinkableAccountTypeID], [LinkableAccountTemplateID], [IsTransferable], [TransferableAccountTypeID], [TransferableAccountTemplateID], [IsEnvelopeAllowed], [CreatedOn], [CreatedBy], [ModifiedOn], [ModifiedBy]) VALUES (N'729f69aa-0a98-e311-821b-00215e73190e', N'bcfc7a7b-5f86-e311-821b-00215e73190e', N'Other Utility Bill', NULL, 0, NULL, NULL, 0, NULL, NULL, 0, '20140217 13:35:00.000', N'James', NULL, NULL)
	INSERT INTO [freebyTrack].[BudgetItemTemplates] ([ID], [CategoryTemplateID], [Description], [OwnerID], [IsLinkable], [LinkableAccountTypeID], [LinkableAccountTemplateID], [IsTransferable], [TransferableAccountTypeID], [TransferableAccountTemplateID], [IsEnvelopeAllowed], [CreatedOn], [CreatedBy], [ModifiedOn], [ModifiedBy]) VALUES (N'73bb88f2-4298-e311-821b-00215e73190e', N'e2fc7a7b-5f86-e311-821b-00215e73190e', N'Clothing Purchase', NULL, 0, NULL, NULL, 0, NULL, NULL, 0, '20140217 20:18:00.000', N'James', NULL, NULL)
	INSERT INTO [freebyTrack].[BudgetItemTemplates] ([ID], [CategoryTemplateID], [Description], [OwnerID], [IsLinkable], [LinkableAccountTypeID], [LinkableAccountTemplateID], [IsTransferable], [TransferableAccountTypeID], [TransferableAccountTemplateID], [IsEnvelopeAllowed], [CreatedOn], [CreatedBy], [ModifiedOn], [ModifiedBy]) VALUES (N'7587699e-e6ab-e311-821b-00215e73190e', N'f3e8c275-e6ab-e311-821b-00215e73190e', N'House Insurance', NULL, 0, NULL, NULL, 0, NULL, NULL, 0, '20140314 21:07:00.000', N'James', NULL, NULL)
	INSERT INTO [freebyTrack].[BudgetItemTemplates] ([ID], [CategoryTemplateID], [Description], [OwnerID], [IsLinkable], [LinkableAccountTypeID], [LinkableAccountTemplateID], [IsTransferable], [TransferableAccountTypeID], [TransferableAccountTemplateID], [IsEnvelopeAllowed], [CreatedOn], [CreatedBy], [ModifiedOn], [ModifiedBy]) VALUES (N'75cbebf9-b7c0-e311-821b-00215e73190e', N'89ef7b94-4798-e311-821b-00215e73190e', N'Periodical Subscription', NULL, 0, NULL, NULL, 0, NULL, NULL, 0, '20140410 08:56:00.000', N'James', NULL, NULL)
	INSERT INTO [freebyTrack].[BudgetItemTemplates] ([ID], [CategoryTemplateID], [Description], [OwnerID], [IsLinkable], [LinkableAccountTypeID], [LinkableAccountTemplateID], [IsTransferable], [TransferableAccountTypeID], [TransferableAccountTemplateID], [IsEnvelopeAllowed], [CreatedOn], [CreatedBy], [ModifiedOn], [ModifiedBy]) VALUES (N'7b03676c-74b8-e311-821b-00215e73190e', N'e2fc7a7b-5f86-e311-821b-00215e73190e', N'Cosmetics', NULL, 0, NULL, NULL, 0, NULL, NULL, 1, '20140330 10:33:00.000', N'James', NULL, NULL)
	INSERT INTO [freebyTrack].[BudgetItemTemplates] ([ID], [CategoryTemplateID], [Description], [OwnerID], [IsLinkable], [LinkableAccountTypeID], [LinkableAccountTemplateID], [IsTransferable], [TransferableAccountTypeID], [TransferableAccountTemplateID], [IsEnvelopeAllowed], [CreatedOn], [CreatedBy], [ModifiedOn], [ModifiedBy]) VALUES (N'7fbce2ca-31b7-e411-8ae4-00215e73190e', N'e2fc7a7b-5f86-e311-821b-00215e73190e', N'Furniture', NULL, 1, 1, NULL, 0, NULL, NULL, 0, '20150217 23:48:00.000', N'James', NULL, NULL)
	INSERT INTO [freebyTrack].[BudgetItemTemplates] ([ID], [CategoryTemplateID], [Description], [OwnerID], [IsLinkable], [LinkableAccountTypeID], [LinkableAccountTemplateID], [IsTransferable], [TransferableAccountTypeID], [TransferableAccountTemplateID], [IsEnvelopeAllowed], [CreatedOn], [CreatedBy], [ModifiedOn], [ModifiedBy]) VALUES (N'80c95bb0-a357-e411-9a8e-00215e73190e', N'337334e8-169d-e311-821b-00215e73190e', N'Miscellaneous Expense', NULL, 0, NULL, NULL, 0, NULL, NULL, 1, '20141019 10:22:00.000', N'James', NULL, NULL)
	INSERT INTO [freebyTrack].[BudgetItemTemplates] ([ID], [CategoryTemplateID], [Description], [OwnerID], [IsLinkable], [LinkableAccountTypeID], [LinkableAccountTemplateID], [IsTransferable], [TransferableAccountTypeID], [TransferableAccountTemplateID], [IsEnvelopeAllowed], [CreatedOn], [CreatedBy], [ModifiedOn], [ModifiedBy]) VALUES (N'819f37f8-3f98-e311-821b-00215e73190e', N'9dc4caf1-0898-e311-821b-00215e73190e', N'Other Donation', NULL, 0, NULL, NULL, 0, NULL, NULL, 0, '20140217 19:57:00.000', N'James', NULL, NULL)
	INSERT INTO [freebyTrack].[BudgetItemTemplates] ([ID], [CategoryTemplateID], [Description], [OwnerID], [IsLinkable], [LinkableAccountTypeID], [LinkableAccountTemplateID], [IsTransferable], [TransferableAccountTypeID], [TransferableAccountTemplateID], [IsEnvelopeAllowed], [CreatedOn], [CreatedBy], [ModifiedOn], [ModifiedBy]) VALUES (N'83b67fb3-e6ab-e311-821b-00215e73190e', N'f3e8c275-e6ab-e311-821b-00215e73190e', N'Life Insurance', NULL, 0, NULL, NULL, 0, NULL, NULL, 0, '20140314 11:08:00.000', N'James', NULL, NULL)
	INSERT INTO [freebyTrack].[BudgetItemTemplates] ([ID], [CategoryTemplateID], [Description], [OwnerID], [IsLinkable], [LinkableAccountTypeID], [LinkableAccountTemplateID], [IsTransferable], [TransferableAccountTypeID], [TransferableAccountTemplateID], [IsEnvelopeAllowed], [CreatedOn], [CreatedBy], [ModifiedOn], [ModifiedBy]) VALUES (N'8450b02c-99a4-e311-821b-00215e73190e', N'e2fc7a7b-5f86-e311-821b-00215e73190e', N'Guns', N'3dc480f1-5586-e311-821b-00215e73190e', 0, NULL, NULL, 0, NULL, NULL, 0, '20140305 13:05:00.000', N'James', NULL, NULL)
	INSERT INTO [freebyTrack].[BudgetItemTemplates] ([ID], [CategoryTemplateID], [Description], [OwnerID], [IsLinkable], [LinkableAccountTypeID], [LinkableAccountTemplateID], [IsTransferable], [TransferableAccountTypeID], [TransferableAccountTemplateID], [IsEnvelopeAllowed], [CreatedOn], [CreatedBy], [ModifiedOn], [ModifiedBy]) VALUES (N'8ce81168-a357-e411-9a8e-00215e73190e', N'337334e8-169d-e311-821b-00215e73190e', N'Third Party Services', NULL, 0, NULL, NULL, 0, NULL, NULL, 1, '20141019 10:20:00.000', N'James', NULL, NULL)
	INSERT INTO [freebyTrack].[BudgetItemTemplates] ([ID], [CategoryTemplateID], [Description], [OwnerID], [IsLinkable], [LinkableAccountTypeID], [LinkableAccountTemplateID], [IsTransferable], [TransferableAccountTypeID], [TransferableAccountTemplateID], [IsEnvelopeAllowed], [CreatedOn], [CreatedBy], [ModifiedOn], [ModifiedBy]) VALUES (N'8eb026c1-4798-e311-821b-00215e73190e', N'89ef7b94-4798-e311-821b-00215e73190e', N'Catering Services', NULL, 0, NULL, NULL, 0, NULL, NULL, 0, '20140217 20:52:00.000', N'James', NULL, NULL)
	INSERT INTO [freebyTrack].[BudgetItemTemplates] ([ID], [CategoryTemplateID], [Description], [OwnerID], [IsLinkable], [LinkableAccountTypeID], [LinkableAccountTemplateID], [IsTransferable], [TransferableAccountTypeID], [TransferableAccountTemplateID], [IsEnvelopeAllowed], [CreatedOn], [CreatedBy], [ModifiedOn], [ModifiedBy]) VALUES (N'93d7b170-0998-e311-821b-00215e73190e', N'a7fc7a7b-5f86-e311-821b-00215e73190e', N'Social Security', NULL, 1, 1, NULL, 0, NULL, NULL, 0, '20140217 13:26:00.000', N'James', NULL, NULL)
	INSERT INTO [freebyTrack].[BudgetItemTemplates] ([ID], [CategoryTemplateID], [Description], [OwnerID], [IsLinkable], [LinkableAccountTypeID], [LinkableAccountTemplateID], [IsTransferable], [TransferableAccountTypeID], [TransferableAccountTemplateID], [IsEnvelopeAllowed], [CreatedOn], [CreatedBy], [ModifiedOn], [ModifiedBy]) VALUES (N'94b06581-4198-e311-821b-00215e73190e', N'1ca1d03b-4198-e311-821b-00215e73190e', N'Coins', NULL, 0, NULL, NULL, 0, NULL, NULL, 0, '20140217 20:08:00.000', N'James', NULL, NULL)
	INSERT INTO [freebyTrack].[BudgetItemTemplates] ([ID], [CategoryTemplateID], [Description], [OwnerID], [IsLinkable], [LinkableAccountTypeID], [LinkableAccountTemplateID], [IsTransferable], [TransferableAccountTypeID], [TransferableAccountTemplateID], [IsEnvelopeAllowed], [CreatedOn], [CreatedBy], [ModifiedOn], [ModifiedBy]) VALUES (N'974729af-72b8-e311-821b-00215e73190e', N'd2fc7a7b-5f86-e311-821b-00215e73190e', N'Medication', NULL, 0, NULL, NULL, 0, NULL, NULL, 1, '20140330 20:20:00.000', N'James', NULL, NULL)
	INSERT INTO [freebyTrack].[BudgetItemTemplates] ([ID], [CategoryTemplateID], [Description], [OwnerID], [IsLinkable], [LinkableAccountTypeID], [LinkableAccountTemplateID], [IsTransferable], [TransferableAccountTypeID], [TransferableAccountTemplateID], [IsEnvelopeAllowed], [CreatedOn], [CreatedBy], [ModifiedOn], [ModifiedBy]) VALUES (N'98e9ea4c-4498-e311-821b-00215e73190e', N'dcfc7a7b-5f86-e311-821b-00215e73190e', N'2nd Mortgage Debt Paydown', NULL, 1, 3, N'3a674b6d-46cf-e311-821b-00215e73190e', 0, NULL, NULL, 0, '20140217 20:28:00.000', N'James', NULL, NULL)
	INSERT INTO [freebyTrack].[BudgetItemTemplates] ([ID], [CategoryTemplateID], [Description], [OwnerID], [IsLinkable], [LinkableAccountTypeID], [LinkableAccountTemplateID], [IsTransferable], [TransferableAccountTypeID], [TransferableAccountTemplateID], [IsEnvelopeAllowed], [CreatedOn], [CreatedBy], [ModifiedOn], [ModifiedBy]) VALUES (N'9a676e87-4398-e311-821b-00215e73190e', N'e2fc7a7b-5f86-e311-821b-00215e73190e', N'Item Rental', NULL, 0, NULL, NULL, 0, NULL, NULL, 0, '20140217 20:22:00.000', N'James', NULL, NULL)
	INSERT INTO [freebyTrack].[BudgetItemTemplates] ([ID], [CategoryTemplateID], [Description], [OwnerID], [IsLinkable], [LinkableAccountTypeID], [LinkableAccountTemplateID], [IsTransferable], [TransferableAccountTypeID], [TransferableAccountTemplateID], [IsEnvelopeAllowed], [CreatedOn], [CreatedBy], [ModifiedOn], [ModifiedBy]) VALUES (N'9bc8c962-4998-e311-821b-00215e73190e', N'6d04f027-0998-e311-821b-00215e73190e', N'Miscellaneous Entertainment', NULL, 0, NULL, NULL, 0, NULL, NULL, 0, '20140217 21:04:00.000', N'James', NULL, NULL)
	INSERT INTO [freebyTrack].[BudgetItemTemplates] ([ID], [CategoryTemplateID], [Description], [OwnerID], [IsLinkable], [LinkableAccountTypeID], [LinkableAccountTemplateID], [IsTransferable], [TransferableAccountTypeID], [TransferableAccountTemplateID], [IsEnvelopeAllowed], [CreatedOn], [CreatedBy], [ModifiedOn], [ModifiedBy]) VALUES (N'9e8853ce-4898-e311-821b-00215e73190e', N'89ef7b94-4798-e311-821b-00215e73190e', N'Health Club Dues', NULL, 0, NULL, NULL, 0, NULL, NULL, 0, '20140217 21:00:00.000', N'James', NULL, NULL)
	INSERT INTO [freebyTrack].[BudgetItemTemplates] ([ID], [CategoryTemplateID], [Description], [OwnerID], [IsLinkable], [LinkableAccountTypeID], [LinkableAccountTemplateID], [IsTransferable], [TransferableAccountTypeID], [TransferableAccountTemplateID], [IsEnvelopeAllowed], [CreatedOn], [CreatedBy], [ModifiedOn], [ModifiedBy]) VALUES (N'a17c0811-4298-e311-821b-00215e73190e', N'd2fc7a7b-5f86-e311-821b-00215e73190e', N'Dental Insurance', NULL, 0, NULL, NULL, 0, NULL, NULL, 0, '20140217 20:17:00.000', N'James', NULL, NULL)
	INSERT INTO [freebyTrack].[BudgetItemTemplates] ([ID], [CategoryTemplateID], [Description], [OwnerID], [IsLinkable], [LinkableAccountTypeID], [LinkableAccountTemplateID], [IsTransferable], [TransferableAccountTypeID], [TransferableAccountTemplateID], [IsEnvelopeAllowed], [CreatedOn], [CreatedBy], [ModifiedOn], [ModifiedBy]) VALUES (N'a3060253-4398-e311-821b-00215e73190e', N'e2fc7a7b-5f86-e311-821b-00215e73190e', N'Bath and Beauty Supplies', NULL, 0, NULL, NULL, 0, NULL, NULL, 0, '20140217 20:21:00.000', N'James', NULL, NULL)
	INSERT INTO [freebyTrack].[BudgetItemTemplates] ([ID], [CategoryTemplateID], [Description], [OwnerID], [IsLinkable], [LinkableAccountTypeID], [LinkableAccountTemplateID], [IsTransferable], [TransferableAccountTypeID], [TransferableAccountTemplateID], [IsEnvelopeAllowed], [CreatedOn], [CreatedBy], [ModifiedOn], [ModifiedBy]) VALUES (N'a9fc7a7b-5f86-e311-821b-00215e73190e', N'a7fc7a7b-5f86-e311-821b-00215e73190e', N'Paycheck', NULL, 1, 1, NULL, 0, NULL, NULL, 0, '20140126 01:57:21.737', N'James', '20140216 10:01:15.837', N'James')
	INSERT INTO [freebyTrack].[BudgetItemTemplates] ([ID], [CategoryTemplateID], [Description], [OwnerID], [IsLinkable], [LinkableAccountTypeID], [LinkableAccountTemplateID], [IsTransferable], [TransferableAccountTypeID], [TransferableAccountTemplateID], [IsEnvelopeAllowed], [CreatedOn], [CreatedBy], [ModifiedOn], [ModifiedBy]) VALUES (N'ae404a56-0898-e311-821b-00215e73190e', N'a7fc7a7b-5f86-e311-821b-00215e73190e', N'Other Income', NULL, 1, 1, NULL, 0, NULL, NULL, 0, '20140217 13:18:00.000', N'James ', NULL, NULL)
	INSERT INTO [freebyTrack].[BudgetItemTemplates] ([ID], [CategoryTemplateID], [Description], [OwnerID], [IsLinkable], [LinkableAccountTypeID], [LinkableAccountTemplateID], [IsTransferable], [TransferableAccountTypeID], [TransferableAccountTemplateID], [IsEnvelopeAllowed], [CreatedOn], [CreatedBy], [ModifiedOn], [ModifiedBy]) VALUES (N'affc7a7b-5f86-e311-821b-00215e73190e', N'adfc7a7b-5f86-e311-821b-00215e73190e', N'Groceries', NULL, 0, NULL, NULL, 0, NULL, NULL, 1, '20140126 01:57:21.737', N'James', NULL, NULL)
	INSERT INTO [freebyTrack].[BudgetItemTemplates] ([ID], [CategoryTemplateID], [Description], [OwnerID], [IsLinkable], [LinkableAccountTypeID], [LinkableAccountTemplateID], [IsTransferable], [TransferableAccountTypeID], [TransferableAccountTemplateID], [IsEnvelopeAllowed], [CreatedOn], [CreatedBy], [ModifiedOn], [ModifiedBy]) VALUES (N'b12b93c2-3f98-e311-821b-00215e73190e', N'9dc4caf1-0898-e311-821b-00215e73190e', N'Church Donation', NULL, 0, NULL, NULL, 0, NULL, NULL, 0, '20140217 19:55:00.000', N'James', NULL, NULL)
	INSERT INTO [freebyTrack].[BudgetItemTemplates] ([ID], [CategoryTemplateID], [Description], [OwnerID], [IsLinkable], [LinkableAccountTypeID], [LinkableAccountTemplateID], [IsTransferable], [TransferableAccountTypeID], [TransferableAccountTemplateID], [IsEnvelopeAllowed], [CreatedOn], [CreatedBy], [ModifiedOn], [ModifiedBy]) VALUES (N'b2b37740-d030-e411-b92d-00215e73190e', N'bcfc7a7b-5f86-e311-821b-00215e73190e', N'Water and Rubbish Services', NULL, 0, NULL, NULL, 0, NULL, NULL, 0, '20140831 00:32:00.000', N'James', NULL, NULL)
	INSERT INTO [freebyTrack].[BudgetItemTemplates] ([ID], [CategoryTemplateID], [Description], [OwnerID], [IsLinkable], [LinkableAccountTypeID], [LinkableAccountTemplateID], [IsTransferable], [TransferableAccountTypeID], [TransferableAccountTemplateID], [IsEnvelopeAllowed], [CreatedOn], [CreatedBy], [ModifiedOn], [ModifiedBy]) VALUES (N'b3fc7a7b-5f86-e311-821b-00215e73190e', N'adfc7a7b-5f86-e311-821b-00215e73190e', N'Restaurants', NULL, 0, NULL, NULL, 0, NULL, NULL, 1, '20140126 01:57:21.737', N'James', NULL, NULL)
	INSERT INTO [freebyTrack].[BudgetItemTemplates] ([ID], [CategoryTemplateID], [Description], [OwnerID], [IsLinkable], [LinkableAccountTypeID], [LinkableAccountTemplateID], [IsTransferable], [TransferableAccountTypeID], [TransferableAccountTemplateID], [IsEnvelopeAllowed], [CreatedOn], [CreatedBy], [ModifiedOn], [ModifiedBy]) VALUES (N'b7fc7a7b-5f86-e311-821b-00215e73190e', N'b5fc7a7b-5f86-e311-821b-00215e73190e', N'Mortgage', NULL, 1, 3, N'8c69b15c-46cf-e311-821b-00215e73190e', 0, NULL, NULL, 0, '20140126 01:57:21.737', N'James', NULL, NULL)
	INSERT INTO [freebyTrack].[BudgetItemTemplates] ([ID], [CategoryTemplateID], [Description], [OwnerID], [IsLinkable], [LinkableAccountTypeID], [LinkableAccountTemplateID], [IsTransferable], [TransferableAccountTypeID], [TransferableAccountTemplateID], [IsEnvelopeAllowed], [CreatedOn], [CreatedBy], [ModifiedOn], [ModifiedBy]) VALUES (N'b825f8a6-e6ab-e311-821b-00215e73190e', N'f3e8c275-e6ab-e311-821b-00215e73190e', N'Car Insurance', NULL, 0, NULL, NULL, 0, NULL, NULL, 0, '20140314 21:08:00.000', N'James', NULL, NULL)
	INSERT INTO [freebyTrack].[BudgetItemTemplates] ([ID], [CategoryTemplateID], [Description], [OwnerID], [IsLinkable], [LinkableAccountTypeID], [LinkableAccountTemplateID], [IsTransferable], [TransferableAccountTypeID], [TransferableAccountTemplateID], [IsEnvelopeAllowed], [CreatedOn], [CreatedBy], [ModifiedOn], [ModifiedBy]) VALUES (N'b831e554-0998-e311-821b-00215e73190e', N'a7fc7a7b-5f86-e311-821b-00215e73190e', N'Retirement Fund', NULL, 1, 2, N'0909a0e7-d2bd-e311-821b-00215e73190e', 0, NULL, NULL, 0, '20140217 13:25:00.000', N'James', NULL, NULL)
	INSERT INTO [freebyTrack].[BudgetItemTemplates] ([ID], [CategoryTemplateID], [Description], [OwnerID], [IsLinkable], [LinkableAccountTypeID], [LinkableAccountTemplateID], [IsTransferable], [TransferableAccountTypeID], [TransferableAccountTemplateID], [IsEnvelopeAllowed], [CreatedOn], [CreatedBy], [ModifiedOn], [ModifiedBy]) VALUES (N'bafc7a7b-5f86-e311-821b-00215e73190e', N'b5fc7a7b-5f86-e311-821b-00215e73190e', N'House Maintenance', NULL, 0, NULL, NULL, 0, NULL, NULL, 1, '20140126 01:57:21.737', N'James', NULL, NULL)
	INSERT INTO [freebyTrack].[BudgetItemTemplates] ([ID], [CategoryTemplateID], [Description], [OwnerID], [IsLinkable], [LinkableAccountTypeID], [LinkableAccountTemplateID], [IsTransferable], [TransferableAccountTypeID], [TransferableAccountTemplateID], [IsEnvelopeAllowed], [CreatedOn], [CreatedBy], [ModifiedOn], [ModifiedBy]) VALUES (N'bbff938b-4198-e311-821b-00215e73190e', N'1ca1d03b-4198-e311-821b-00215e73190e', N'Art', NULL, 1, 1, NULL, 0, NULL, NULL, 0, '20140217 20:09:00.000', N'James', NULL, NULL)
	INSERT INTO [freebyTrack].[BudgetItemTemplates] ([ID], [CategoryTemplateID], [Description], [OwnerID], [IsLinkable], [LinkableAccountTypeID], [LinkableAccountTemplateID], [IsTransferable], [TransferableAccountTypeID], [TransferableAccountTemplateID], [IsEnvelopeAllowed], [CreatedOn], [CreatedBy], [ModifiedOn], [ModifiedBy]) VALUES (N'befc7a7b-5f86-e311-821b-00215e73190e', N'bcfc7a7b-5f86-e311-821b-00215e73190e', N'Electric Bill', NULL, 0, NULL, NULL, 0, NULL, NULL, 0, '20140126 01:57:21.737', N'James', NULL, NULL)
	INSERT INTO [freebyTrack].[BudgetItemTemplates] ([ID], [CategoryTemplateID], [Description], [OwnerID], [IsLinkable], [LinkableAccountTypeID], [LinkableAccountTemplateID], [IsTransferable], [TransferableAccountTypeID], [TransferableAccountTemplateID], [IsEnvelopeAllowed], [CreatedOn], [CreatedBy], [ModifiedOn], [ModifiedBy]) VALUES (N'c0fc7a7b-5f86-e311-821b-00215e73190e', N'bcfc7a7b-5f86-e311-821b-00215e73190e', N'Natural Gas Bill', NULL, 0, NULL, NULL, 0, NULL, NULL, 0, '20140126 01:57:21.737', N'James', NULL, NULL)
	INSERT INTO [freebyTrack].[BudgetItemTemplates] ([ID], [CategoryTemplateID], [Description], [OwnerID], [IsLinkable], [LinkableAccountTypeID], [LinkableAccountTemplateID], [IsTransferable], [TransferableAccountTypeID], [TransferableAccountTemplateID], [IsEnvelopeAllowed], [CreatedOn], [CreatedBy], [ModifiedOn], [ModifiedBy]) VALUES (N'c2fc7a7b-5f86-e311-821b-00215e73190e', N'bcfc7a7b-5f86-e311-821b-00215e73190e', N'Phone Bill', NULL, 0, NULL, NULL, 0, NULL, NULL, 0, '20140126 01:57:21.737', N'James', NULL, NULL)
	INSERT INTO [freebyTrack].[BudgetItemTemplates] ([ID], [CategoryTemplateID], [Description], [OwnerID], [IsLinkable], [LinkableAccountTypeID], [LinkableAccountTemplateID], [IsTransferable], [TransferableAccountTypeID], [TransferableAccountTemplateID], [IsEnvelopeAllowed], [CreatedOn], [CreatedBy], [ModifiedOn], [ModifiedBy]) VALUES (N'c4fc7a7b-5f86-e311-821b-00215e73190e', N'bcfc7a7b-5f86-e311-821b-00215e73190e', N'Satelite Provider', NULL, 0, NULL, NULL, 0, NULL, NULL, 0, '20140126 01:57:21.737', N'James', NULL, NULL)
	INSERT INTO [freebyTrack].[BudgetItemTemplates] ([ID], [CategoryTemplateID], [Description], [OwnerID], [IsLinkable], [LinkableAccountTypeID], [LinkableAccountTemplateID], [IsTransferable], [TransferableAccountTypeID], [TransferableAccountTemplateID], [IsEnvelopeAllowed], [CreatedOn], [CreatedBy], [ModifiedOn], [ModifiedBy]) VALUES (N'c51cad55-e1ab-e311-821b-00215e73190e', N'bcfc7a7b-5f86-e311-821b-00215e73190e', N'Water Services', NULL, 0, NULL, NULL, 0, NULL, NULL, 0, '20140314 20:30:00.000', N'James', NULL, NULL)
	INSERT INTO [freebyTrack].[BudgetItemTemplates] ([ID], [CategoryTemplateID], [Description], [OwnerID], [IsLinkable], [LinkableAccountTypeID], [LinkableAccountTemplateID], [IsTransferable], [TransferableAccountTypeID], [TransferableAccountTemplateID], [IsEnvelopeAllowed], [CreatedOn], [CreatedBy], [ModifiedOn], [ModifiedBy]) VALUES (N'c6fc7a7b-5f86-e311-821b-00215e73190e', N'bcfc7a7b-5f86-e311-821b-00215e73190e', N'Internet Provider', NULL, 0, NULL, NULL, 0, NULL, NULL, 0, '20140126 01:57:21.737', N'James', NULL, NULL)
	INSERT INTO [freebyTrack].[BudgetItemTemplates] ([ID], [CategoryTemplateID], [Description], [OwnerID], [IsLinkable], [LinkableAccountTypeID], [LinkableAccountTemplateID], [IsTransferable], [TransferableAccountTypeID], [TransferableAccountTemplateID], [IsEnvelopeAllowed], [CreatedOn], [CreatedBy], [ModifiedOn], [ModifiedBy]) VALUES (N'c8fc7a7b-5f86-e311-821b-00215e73190e', N'bcfc7a7b-5f86-e311-821b-00215e73190e', N'Garbage Services', NULL, 0, NULL, NULL, 0, NULL, NULL, 0, '20140126 01:57:21.737', N'James', NULL, NULL)
	INSERT INTO [freebyTrack].[BudgetItemTemplates] ([ID], [CategoryTemplateID], [Description], [OwnerID], [IsLinkable], [LinkableAccountTypeID], [LinkableAccountTemplateID], [IsTransferable], [TransferableAccountTypeID], [TransferableAccountTemplateID], [IsEnvelopeAllowed], [CreatedOn], [CreatedBy], [ModifiedOn], [ModifiedBy]) VALUES (N'ca5fb03c-2399-e311-821b-00215e73190e', N'b5fc7a7b-5f86-e311-821b-00215e73190e', N'Rent', NULL, 0, NULL, NULL, 0, NULL, NULL, 0, '20140218 23:03:00.000', N'James', NULL, NULL)
	INSERT INTO [freebyTrack].[BudgetItemTemplates] ([ID], [CategoryTemplateID], [Description], [OwnerID], [IsLinkable], [LinkableAccountTypeID], [LinkableAccountTemplateID], [IsTransferable], [TransferableAccountTypeID], [TransferableAccountTemplateID], [IsEnvelopeAllowed], [CreatedOn], [CreatedBy], [ModifiedOn], [ModifiedBy]) VALUES (N'cafc7a7b-5f86-e311-821b-00215e73190e', N'bcfc7a7b-5f86-e311-821b-00215e73190e', N'Sewer Bill', NULL, 0, NULL, NULL, 0, NULL, NULL, 0, '20140126 01:57:21.737', N'James', NULL, NULL)
	INSERT INTO [freebyTrack].[BudgetItemTemplates] ([ID], [CategoryTemplateID], [Description], [OwnerID], [IsLinkable], [LinkableAccountTypeID], [LinkableAccountTemplateID], [IsTransferable], [TransferableAccountTypeID], [TransferableAccountTemplateID], [IsEnvelopeAllowed], [CreatedOn], [CreatedBy], [ModifiedOn], [ModifiedBy]) VALUES (N'cbdaf5a5-12cc-e311-821b-00215e73190e', N'6d04f027-0998-e311-821b-00215e73190e', N'Hotel Stay', NULL, 1, 1, NULL, 0, NULL, NULL, 0, '20140424 19:42:00.000', N'James', NULL, NULL)
	INSERT INTO [freebyTrack].[BudgetItemTemplates] ([ID], [CategoryTemplateID], [Description], [OwnerID], [IsLinkable], [LinkableAccountTypeID], [LinkableAccountTemplateID], [IsTransferable], [TransferableAccountTypeID], [TransferableAccountTemplateID], [IsEnvelopeAllowed], [CreatedOn], [CreatedBy], [ModifiedOn], [ModifiedBy]) VALUES (N'cc0fd53a-df99-e311-821b-00215e73190e', N'ccfc7a7b-5f86-e311-821b-00215e73190e', N'Car Lease Payment', NULL, 1, 3, N'8c9fac5d-47cf-e311-821b-00215e73190e', 0, NULL, NULL, 0, '20140219 21:29:00.000', N'James', NULL, NULL)
	INSERT INTO [freebyTrack].[BudgetItemTemplates] ([ID], [CategoryTemplateID], [Description], [OwnerID], [IsLinkable], [LinkableAccountTypeID], [LinkableAccountTemplateID], [IsTransferable], [TransferableAccountTypeID], [TransferableAccountTemplateID], [IsEnvelopeAllowed], [CreatedOn], [CreatedBy], [ModifiedOn], [ModifiedBy]) VALUES (N'cefc7a7b-5f86-e311-821b-00215e73190e', N'ccfc7a7b-5f86-e311-821b-00215e73190e', N'Gas', NULL, 0, NULL, NULL, 0, NULL, NULL, 1, '20140126 01:57:21.737', N'James', NULL, NULL)
	INSERT INTO [freebyTrack].[BudgetItemTemplates] ([ID], [CategoryTemplateID], [Description], [OwnerID], [IsLinkable], [LinkableAccountTypeID], [LinkableAccountTemplateID], [IsTransferable], [TransferableAccountTypeID], [TransferableAccountTemplateID], [IsEnvelopeAllowed], [CreatedOn], [CreatedBy], [ModifiedOn], [ModifiedBy]) VALUES (N'd0fc7a7b-5f86-e311-821b-00215e73190e', N'ccfc7a7b-5f86-e311-821b-00215e73190e', N'Car Insurance Bill', NULL, 0, NULL, NULL, 0, NULL, NULL, 0, '20140126 01:57:21.737', N'James', NULL, NULL)
	INSERT INTO [freebyTrack].[BudgetItemTemplates] ([ID], [CategoryTemplateID], [Description], [OwnerID], [IsLinkable], [LinkableAccountTypeID], [LinkableAccountTemplateID], [IsTransferable], [TransferableAccountTypeID], [TransferableAccountTemplateID], [IsEnvelopeAllowed], [CreatedOn], [CreatedBy], [ModifiedOn], [ModifiedBy]) VALUES (N'd14c8a40-f6fd-e311-80b0-00215e73190e', N'e2fc7a7b-5f86-e311-821b-00215e73190e', N'Lawn and Garden Equipment or Furniture', NULL, 1, 1, NULL, 0, NULL, NULL, 1, '20140627 07:25:00.000', N'James', NULL, NULL)
	INSERT INTO [freebyTrack].[BudgetItemTemplates] ([ID], [CategoryTemplateID], [Description], [OwnerID], [IsLinkable], [LinkableAccountTypeID], [LinkableAccountTemplateID], [IsTransferable], [TransferableAccountTypeID], [TransferableAccountTemplateID], [IsEnvelopeAllowed], [CreatedOn], [CreatedBy], [ModifiedOn], [ModifiedBy]) VALUES (N'd26671d6-0998-e311-821b-00215e73190e', N'b5fc7a7b-5f86-e311-821b-00215e73190e', N'Home Improvement Expense', NULL, 1, 1, NULL, 0, NULL, NULL, 1, '20140217 13:29:00.000', N'James', NULL, NULL)
	INSERT INTO [freebyTrack].[BudgetItemTemplates] ([ID], [CategoryTemplateID], [Description], [OwnerID], [IsLinkable], [LinkableAccountTypeID], [LinkableAccountTemplateID], [IsTransferable], [TransferableAccountTypeID], [TransferableAccountTemplateID], [IsEnvelopeAllowed], [CreatedOn], [CreatedBy], [ModifiedOn], [ModifiedBy]) VALUES (N'd4214a3b-4498-e311-821b-00215e73190e', N'dcfc7a7b-5f86-e311-821b-00215e73190e', N'Mortgage Debt Paydown', NULL, 1, 3, N'8c69b15c-46cf-e311-821b-00215e73190e', 0, NULL, NULL, 0, '20140217 20:27:00.000', N'James', NULL, NULL)
	INSERT INTO [freebyTrack].[BudgetItemTemplates] ([ID], [CategoryTemplateID], [Description], [OwnerID], [IsLinkable], [LinkableAccountTypeID], [LinkableAccountTemplateID], [IsTransferable], [TransferableAccountTypeID], [TransferableAccountTemplateID], [IsEnvelopeAllowed], [CreatedOn], [CreatedBy], [ModifiedOn], [ModifiedBy]) VALUES (N'd4fc7a7b-5f86-e311-821b-00215e73190e', N'd2fc7a7b-5f86-e311-821b-00215e73190e', N'Visit Copays', NULL, 0, NULL, NULL, 0, NULL, NULL, 1, '20140126 01:57:21.737', N'James', NULL, NULL)
	INSERT INTO [freebyTrack].[BudgetItemTemplates] ([ID], [CategoryTemplateID], [Description], [OwnerID], [IsLinkable], [LinkableAccountTypeID], [LinkableAccountTemplateID], [IsTransferable], [TransferableAccountTypeID], [TransferableAccountTemplateID], [IsEnvelopeAllowed], [CreatedOn], [CreatedBy], [ModifiedOn], [ModifiedBy]) VALUES (N'd51070a3-fe53-e411-b0a0-00215e73190e', N'81cd80e6-fd53-e411-b0a0-00215e73190e', N'Child Support', NULL, 1, 1, NULL, 0, NULL, NULL, 0, '20141014 09:05:00.000', N'James', NULL, NULL)
	INSERT INTO [freebyTrack].[BudgetItemTemplates] ([ID], [CategoryTemplateID], [Description], [OwnerID], [IsLinkable], [LinkableAccountTypeID], [LinkableAccountTemplateID], [IsTransferable], [TransferableAccountTypeID], [TransferableAccountTemplateID], [IsEnvelopeAllowed], [CreatedOn], [CreatedBy], [ModifiedOn], [ModifiedBy]) VALUES (N'd6fc7a7b-5f86-e311-821b-00215e73190e', N'd2fc7a7b-5f86-e311-821b-00215e73190e', N'Out of Pocket Costs', NULL, 0, NULL, NULL, 0, NULL, NULL, 0, '20140126 01:57:21.737', N'James', NULL, NULL)
	INSERT INTO [freebyTrack].[BudgetItemTemplates] ([ID], [CategoryTemplateID], [Description], [OwnerID], [IsLinkable], [LinkableAccountTypeID], [LinkableAccountTemplateID], [IsTransferable], [TransferableAccountTypeID], [TransferableAccountTemplateID], [IsEnvelopeAllowed], [CreatedOn], [CreatedBy], [ModifiedOn], [ModifiedBy]) VALUES (N'd874d56f-4398-e311-821b-00215e73190e', N'e2fc7a7b-5f86-e311-821b-00215e73190e', N'Books, Movies, & Music', NULL, 0, NULL, NULL, 0, NULL, NULL, 0, '20140217 20:21:00.000', N'James', NULL, NULL)
	INSERT INTO [freebyTrack].[BudgetItemTemplates] ([ID], [CategoryTemplateID], [Description], [OwnerID], [IsLinkable], [LinkableAccountTypeID], [LinkableAccountTemplateID], [IsTransferable], [TransferableAccountTypeID], [TransferableAccountTemplateID], [IsEnvelopeAllowed], [CreatedOn], [CreatedBy], [ModifiedOn], [ModifiedBy]) VALUES (N'dafc7a7b-5f86-e311-821b-00215e73190e', N'd8fc7a7b-5f86-e311-821b-00215e73190e', N'Emergency Fund', NULL, 1, 1, NULL, 0, NULL, NULL, 0, '20140126 01:57:21.737', N'James', NULL, NULL)
	INSERT INTO [freebyTrack].[BudgetItemTemplates] ([ID], [CategoryTemplateID], [Description], [OwnerID], [IsLinkable], [LinkableAccountTypeID], [LinkableAccountTemplateID], [IsTransferable], [TransferableAccountTypeID], [TransferableAccountTemplateID], [IsEnvelopeAllowed], [CreatedOn], [CreatedBy], [ModifiedOn], [ModifiedBy]) VALUES (N'dce1460d-9dc5-e411-8ae4-00215e73190e', N'89ef7b94-4798-e311-821b-00215e73190e', N'House Moving Services', NULL, 0, NULL, NULL, 0, NULL, NULL, 0, '20150308 09:11:00.000', N'James', NULL, NULL)
	INSERT INTO [freebyTrack].[BudgetItemTemplates] ([ID], [CategoryTemplateID], [Description], [OwnerID], [IsLinkable], [LinkableAccountTypeID], [LinkableAccountTemplateID], [IsTransferable], [TransferableAccountTypeID], [TransferableAccountTemplateID], [IsEnvelopeAllowed], [CreatedOn], [CreatedBy], [ModifiedOn], [ModifiedBy]) VALUES (N'defc7a7b-5f86-e311-821b-00215e73190e', N'dcfc7a7b-5f86-e311-821b-00215e73190e', N'Student Loan', NULL, 1, 3, N'c204b4e5-46cf-e311-821b-00215e73190e', 0, NULL, NULL, 0, '20140126 01:57:21.737', N'James', NULL, NULL)
	INSERT INTO [freebyTrack].[BudgetItemTemplates] ([ID], [CategoryTemplateID], [Description], [OwnerID], [IsLinkable], [LinkableAccountTypeID], [LinkableAccountTemplateID], [IsTransferable], [TransferableAccountTypeID], [TransferableAccountTemplateID], [IsEnvelopeAllowed], [CreatedOn], [CreatedBy], [ModifiedOn], [ModifiedBy]) VALUES (N'e0fc7a7b-5f86-e311-821b-00215e73190e', N'dcfc7a7b-5f86-e311-821b-00215e73190e', N'Credit Card', NULL, 1, 4, N'cddabd8a-22cc-e311-821b-00215e73190e', 0, NULL, NULL, 0, '20140126 01:57:21.737', N'James', NULL, NULL)
	INSERT INTO [freebyTrack].[BudgetItemTemplates] ([ID], [CategoryTemplateID], [Description], [OwnerID], [IsLinkable], [LinkableAccountTypeID], [LinkableAccountTemplateID], [IsTransferable], [TransferableAccountTypeID], [TransferableAccountTemplateID], [IsEnvelopeAllowed], [CreatedOn], [CreatedBy], [ModifiedOn], [ModifiedBy]) VALUES (N'e499736d-4698-e311-821b-00215e73190e', N'89ef7b94-4798-e311-821b-00215e73190e', N'Babysitter', NULL, 0, NULL, NULL, 0, NULL, NULL, 1, '20140217 20:43:00.000', N'James', NULL, NULL)
	INSERT INTO [freebyTrack].[BudgetItemTemplates] ([ID], [CategoryTemplateID], [Description], [OwnerID], [IsLinkable], [LinkableAccountTypeID], [LinkableAccountTemplateID], [IsTransferable], [TransferableAccountTypeID], [TransferableAccountTemplateID], [IsEnvelopeAllowed], [CreatedOn], [CreatedBy], [ModifiedOn], [ModifiedBy]) VALUES (N'e4fc7a7b-5f86-e311-821b-00215e73190e', N'e2fc7a7b-5f86-e311-821b-00215e73190e', N'Home Electronics', NULL, 1, 1, NULL, 0, NULL, NULL, 0, '20140126 01:57:21.737', N'James', NULL, NULL)
	INSERT INTO [freebyTrack].[BudgetItemTemplates] ([ID], [CategoryTemplateID], [Description], [OwnerID], [IsLinkable], [LinkableAccountTypeID], [LinkableAccountTemplateID], [IsTransferable], [TransferableAccountTypeID], [TransferableAccountTemplateID], [IsEnvelopeAllowed], [CreatedOn], [CreatedBy], [ModifiedOn], [ModifiedBy]) VALUES (N'e8153c9e-4398-e311-821b-00215e73190e', N'e2fc7a7b-5f86-e311-821b-00215e73190e', N'Subscription Service', NULL, 0, NULL, NULL, 0, NULL, NULL, 0, '20140217 20:23:00.000', N'James', NULL, NULL)
	INSERT INTO [freebyTrack].[BudgetItemTemplates] ([ID], [CategoryTemplateID], [Description], [OwnerID], [IsLinkable], [LinkableAccountTypeID], [LinkableAccountTemplateID], [IsTransferable], [TransferableAccountTypeID], [TransferableAccountTemplateID], [IsEnvelopeAllowed], [CreatedOn], [CreatedBy], [ModifiedOn], [ModifiedBy]) VALUES (N'ed5c213e-9aa4-e311-821b-00215e73190e', N'337334e8-169d-e311-821b-00215e73190e', N'Domain Registration Services', NULL, 0, NULL, NULL, 0, NULL, NULL, 0, '20140305 13:12:00.000', N'James', NULL, NULL)
	INSERT INTO [freebyTrack].[BudgetItemTemplates] ([ID], [CategoryTemplateID], [Description], [OwnerID], [IsLinkable], [LinkableAccountTypeID], [LinkableAccountTemplateID], [IsTransferable], [TransferableAccountTypeID], [TransferableAccountTemplateID], [IsEnvelopeAllowed], [CreatedOn], [CreatedBy], [ModifiedOn], [ModifiedBy]) VALUES (N'ee8dca7a-4698-e311-821b-00215e73190e', N'89ef7b94-4798-e311-821b-00215e73190e', N'Daycare', NULL, 0, NULL, NULL, 0, NULL, NULL, 1, '20140217 20:43:00.000', N'James', NULL, NULL)
	INSERT INTO [freebyTrack].[BudgetItemTemplates] ([ID], [CategoryTemplateID], [Description], [OwnerID], [IsLinkable], [LinkableAccountTypeID], [LinkableAccountTemplateID], [IsTransferable], [TransferableAccountTypeID], [TransferableAccountTemplateID], [IsEnvelopeAllowed], [CreatedOn], [CreatedBy], [ModifiedOn], [ModifiedBy]) VALUES (N'eeb8fddb-4798-e311-821b-00215e73190e', N'89ef7b94-4798-e311-821b-00215e73190e', N'Miscellaneous Services', NULL, 0, NULL, NULL, 0, NULL, NULL, 0, '20140217 20:53:00.000', N'James', NULL, NULL)
	INSERT INTO [freebyTrack].[BudgetItemTemplates] ([ID], [CategoryTemplateID], [Description], [OwnerID], [IsLinkable], [LinkableAccountTypeID], [LinkableAccountTemplateID], [IsTransferable], [TransferableAccountTypeID], [TransferableAccountTemplateID], [IsEnvelopeAllowed], [CreatedOn], [CreatedBy], [ModifiedOn], [ModifiedBy]) VALUES (N'ef841c5e-b1af-e411-b2f9-00215e73190e', N'a7fc7a7b-5f86-e311-821b-00215e73190e', N'Real Estate Sale Proceeds', NULL, 1, 1, NULL, 0, NULL, NULL, 0, '20150208 10:40:00.000', N'James', NULL, NULL)
	INSERT INTO [freebyTrack].[BudgetItemTemplates] ([ID], [CategoryTemplateID], [Description], [OwnerID], [IsLinkable], [LinkableAccountTypeID], [LinkableAccountTemplateID], [IsTransferable], [TransferableAccountTypeID], [TransferableAccountTemplateID], [IsEnvelopeAllowed], [CreatedOn], [CreatedBy], [ModifiedOn], [ModifiedBy]) VALUES (N'f7726c75-4498-e311-821b-00215e73190e', N'dcfc7a7b-5f86-e311-821b-00215e73190e', N'Tax Bill', NULL, 1, 1, NULL, 0, NULL, NULL, 0, '20140217 20:29:00.000', N'James', NULL, NULL)
	INSERT INTO [freebyTrack].[BudgetItemTemplates] ([ID], [CategoryTemplateID], [Description], [OwnerID], [IsLinkable], [LinkableAccountTypeID], [LinkableAccountTemplateID], [IsTransferable], [TransferableAccountTypeID], [TransferableAccountTemplateID], [IsEnvelopeAllowed], [CreatedOn], [CreatedBy], [ModifiedOn], [ModifiedBy]) VALUES (N'f8d79a99-0998-e311-821b-00215e73190e', N'b5fc7a7b-5f86-e311-821b-00215e73190e', N'2nd Mortgage', NULL, 1, 3, N'3a674b6d-46cf-e311-821b-00215e73190e', 0, NULL, NULL, 0, '20140217 13:27:00.000', N'James', NULL, NULL)
	INSERT INTO [freebyTrack].[BudgetItemTemplates] ([ID], [CategoryTemplateID], [Description], [OwnerID], [IsLinkable], [LinkableAccountTypeID], [LinkableAccountTemplateID], [IsTransferable], [TransferableAccountTypeID], [TransferableAccountTemplateID], [IsEnvelopeAllowed], [CreatedOn], [CreatedBy], [ModifiedOn], [ModifiedBy]) VALUES (N'f94555cb-5da3-e311-821b-00215e73190e', N'e2fc7a7b-5f86-e311-821b-00215e73190e', N'Miscellaneous Purchase', NULL, 0, NULL, NULL, 0, NULL, NULL, 0, '20140303 23:28:00.000', N'James', NULL, NULL)
	INSERT INTO [freebyTrack].[BudgetItemTemplates] ([ID], [CategoryTemplateID], [Description], [OwnerID], [IsLinkable], [LinkableAccountTypeID], [LinkableAccountTemplateID], [IsTransferable], [TransferableAccountTypeID], [TransferableAccountTemplateID], [IsEnvelopeAllowed], [CreatedOn], [CreatedBy], [ModifiedOn], [ModifiedBy]) VALUES (N'fdfc8b2f-bcac-e311-821b-00215e73190e', N'ccfc7a7b-5f86-e311-821b-00215e73190e', N'Oil Change', NULL, 0, NULL, NULL, 0, NULL, NULL, 0, '20140315 22:36:00.000', N'James', NULL, NULL)
END
GO

GO
PRINT N'Update complete.';


GO
